-- MySQL dump 10.13  Distrib 8.0.36, for Win64 (x86_64)
--
-- Host: localhost    Database: haut
-- ------------------------------------------------------
-- Server version	8.0.36

/*!40101 SET @OLD_CHARACTER_SET_CLIENT=@@CHARACTER_SET_CLIENT */;
/*!40101 SET @OLD_CHARACTER_SET_RESULTS=@@CHARACTER_SET_RESULTS */;
/*!40101 SET @OLD_COLLATION_CONNECTION=@@COLLATION_CONNECTION */;
/*!50503 SET NAMES utf8mb4 */;
/*!40103 SET @OLD_TIME_ZONE=@@TIME_ZONE */;
/*!40103 SET TIME_ZONE='+00:00' */;
/*!40014 SET @OLD_UNIQUE_CHECKS=@@UNIQUE_CHECKS, UNIQUE_CHECKS=0 */;
/*!40014 SET @OLD_FOREIGN_KEY_CHECKS=@@FOREIGN_KEY_CHECKS, FOREIGN_KEY_CHECKS=0 */;
/*!40101 SET @OLD_SQL_MODE=@@SQL_MODE, SQL_MODE='NO_AUTO_VALUE_ON_ZERO' */;
/*!40111 SET @OLD_SQL_NOTES=@@SQL_NOTES, SQL_NOTES=0 */;

--
-- Table structure for table `haut_action_record`
--

DROP TABLE IF EXISTS `haut_action_record`;
/*!40101 SET @saved_cs_client     = @@character_set_client */;
/*!50503 SET character_set_client = utf8mb4 */;
CREATE TABLE `haut_action_record` (
  `id` int NOT NULL AUTO_INCREMENT,
  `image_url` varchar(200) DEFAULT NULL,
  `timestamp` datetime DEFAULT NULL,
  PRIMARY KEY (`id`)
) ENGINE=InnoDB AUTO_INCREMENT=117 DEFAULT CHARSET=utf8mb3;
/*!40101 SET character_set_client = @saved_cs_client */;

--
-- Dumping data for table `haut_action_record`
--

LOCK TABLES `haut_action_record` WRITE;
/*!40000 ALTER TABLE `haut_action_record` DISABLE KEYS */;
INSERT INTO `haut_action_record` VALUES (1,'./images/20240305\\aca142a1-e542-4504-ae30-c7f40e9d6ef6.jpg','2024-03-05 20:53:40'),(2,'./images/20240305\\64830a27-6f66-4b5b-b6e8-342d1d9c1db4.jpg','2024-03-05 20:53:41'),(3,'./images/20240305\\ab6994ca-dbc7-4735-bdef-3780e55e2e1c.jpg','2024-03-05 20:53:41'),(4,'./images/20240305\\76078f66-7d52-42f2-9de8-8ec92a3f8998.jpg','2024-03-05 20:53:41'),(5,'./images/20240305\\874ce436-f52a-4c36-9922-d178a1b8e8a8.jpg','2024-03-05 20:53:41'),(6,'./images/20240305\\c316279d-03b1-461a-b9a1-36b4874a400b.jpg','2024-03-05 20:53:42'),(7,'./images/20240305\\9f78bd3a-a336-46d9-ad05-38d4768a6b6a.jpg','2024-03-05 20:53:42'),(8,'./images/20240305\\12b736ff-5539-4693-a17a-117fe87aeba1.jpg','2024-03-05 20:53:42'),(9,'./images/20240305\\0ad8c18e-3654-48f2-be25-b2a584aec332.jpg','2024-03-05 20:53:42'),(10,'./images/20240305\\68a25dfa-8c60-4378-8372-fdd279a194fe.jpg','2024-03-05 20:53:42'),(11,'./images/20240305\\fd3a6213-2a52-4696-858c-0faac6db7d0d.jpg','2024-03-05 20:53:43'),(12,'./images/20240305\\b60650a4-5fe8-458a-a273-6fe41f72e0e9.jpg','2024-03-05 20:53:43'),(13,'./images/20240305\\d57c72d3-bf79-4726-b5a9-62dbd9faf720.jpg','2024-03-05 20:53:43'),(14,'./images/20240305\\3a61683d-6be3-43ef-ac90-a4548e715c59.jpg','2024-03-05 20:53:43'),(15,'./images/20240305\\17dc19b1-3b68-4847-b92c-c6133d29f6ab.jpg','2024-03-05 20:53:44'),(16,'./images/20240305\\e13ece5f-6de6-43b7-b3ac-ac67c2c98814.jpg','2024-03-05 20:53:44'),(17,'./images/20240305\\20e02054-d9c5-4fff-88b6-a48b803553e5.jpg','2024-03-05 20:53:44'),(18,'./images/20240305\\29c81e65-cfe8-4ffe-9076-29fbfa2fa280.jpg','2024-03-05 20:53:44'),(19,'./images/20240305\\7ab6ba21-0c8d-4ad4-8aa2-59faf666757c.jpg','2024-03-05 20:53:44'),(20,'./images/20240305\\630be77c-bc9b-4ae1-9f12-53c33cec66b2.jpg','2024-03-05 20:53:45'),(21,'./images/20240305\\5862dd79-ef2a-417d-9572-14292d9695b7.jpg','2024-03-05 20:53:45'),(22,'./images/20240305\\7ad64325-c0fd-441d-8c92-1fe8d1b038da.jpg','2024-03-05 20:53:45'),(23,'./images/20240305\\d9b0e837-c394-4143-8b2f-cf1d975e68c0.jpg','2024-03-05 20:53:45'),(24,'./images/20240305\\5846d111-a32d-460d-a87a-94114cd54dfe.jpg','2024-03-05 20:53:46'),(25,'./images/20240305\\e392510f-de61-480e-b183-a2efb090be5d.jpg','2024-03-05 20:53:46'),(26,'./images/20240305\\a0a92dee-c5a7-4e37-b233-b61ab441e4ec.jpg','2024-03-05 20:53:46'),(27,'./images/20240305\\4f63251f-271f-4752-bbe0-67dd8e41f419.jpg','2024-03-05 20:53:46'),(28,'./images/20240305\\9c435366-8d73-4b6a-944c-bdb6f721b68a.jpg','2024-03-05 20:53:46'),(29,'./images/20240305\\6d4f5e9e-d38e-4933-b291-e80933462024.jpg','2024-03-05 20:53:47'),(30,'./images/20240305\\f93e6577-e8bd-40e5-bea0-e7332c7daee8.jpg','2024-03-05 20:53:47'),(31,'./images/20240305\\baaff9e1-e6a7-4841-b7dd-58c2b2c9a4c0.jpg','2024-03-05 20:53:47'),(32,'./images/20240305\\ac56c2c2-0abc-4eaf-b774-77ebc41bb95b.jpg','2024-03-05 20:53:47'),(33,'./images/20240305\\71679825-dc7a-4610-8ea5-3bd8b96f5ac5.jpg','2024-03-05 20:53:48'),(34,'./images/20240305\\f27a3235-ab57-47fd-9b38-2331cec1f5f8.jpg','2024-03-05 20:53:48'),(35,'./images/20240305\\3f6a9b24-754a-472e-84b8-a23972bf5280.jpg','2024-03-05 20:53:48'),(36,'./images/20240305\\9e5bf084-2784-48a4-ab9b-f22bde4581e9.jpg','2024-03-05 20:53:48'),(37,'./images/20240305\\34e17a3c-6580-479c-89be-f3c11cc8b97c.jpg','2024-03-05 20:53:49'),(38,'./images/20240305\\bc2e0488-eab3-4b32-92f7-1c5976416e28.jpg','2024-03-05 20:53:49'),(39,'./images/20240305\\842bd761-faa8-4145-9989-92f888392f90.jpg','2024-03-05 20:53:49'),(40,'./images/20240305\\ed2c2518-c8aa-4a54-87d9-d3c88d0c2c40.jpg','2024-03-05 20:53:49'),(41,'./images/20240305\\a6855994-51da-4b8b-8bc3-da3519d32560.jpg','2024-03-05 20:53:49'),(42,'./images/20240305\\cce1594b-419e-4ab3-bba0-b66947ac525c.jpg','2024-03-05 20:53:50'),(43,'./images/20240305\\71349b30-6c2b-42fd-a8ee-cbaabe37367a.jpg','2024-03-05 20:53:50'),(44,'./images/20240305\\ceb85622-4a80-431b-957c-8c5a61e137af.jpg','2024-03-05 20:53:50'),(45,'./images/20240305\\2b977942-19c6-471c-abe7-69055f0f91e0.jpg','2024-03-05 20:53:50'),(46,'./images/20240305\\2fc2a842-073b-46db-89c8-e2c99fea2d41.jpg','2024-03-05 20:53:51'),(47,'./images/20240305\\18bfa1e0-41cd-40b9-92a3-c9a958456662.jpg','2024-03-05 20:53:51'),(48,'./images/20240305\\3d9a6eed-320e-4a93-8c4a-ba01788c2ceb.jpg','2024-03-05 20:53:51'),(49,'./images/20240305\\d6743356-eb39-4f83-8f0d-e4c2d13177a0.jpg','2024-03-05 20:53:51'),(50,'./images/20240305\\6a5d92a4-c32d-481b-82df-2e25ed66fa39.jpg','2024-03-05 20:53:52'),(51,'./images/20240305\\075178de-50cf-4aad-abc3-5a97ed48c7d2.jpg','2024-03-05 20:53:52'),(52,'./images/20240305\\831e54e9-1526-49f0-8a3d-06aeb04847f2.jpg','2024-03-05 20:53:52'),(53,'./images/20240305\\e0902d0e-cb26-4447-bdfd-4abca0b53129.jpg','2024-03-05 20:53:52'),(54,'./images/20240305\\2a8bbe22-3097-4e53-950b-9b29c687c380.jpg','2024-03-05 20:53:52'),(55,'./images/20240305\\ebc934a6-d477-434a-8a51-43c0e25f2550.jpg','2024-03-05 20:53:53'),(56,'./images/20240305\\667bd23b-3faf-445c-be75-ef0bf5b2d88c.jpg','2024-03-05 20:53:53'),(57,'./images/20240305\\eb42507d-548f-4dbc-ad53-9967cf88bd60.jpg','2024-03-05 20:53:53'),(58,'./images/20240305\\b800f923-0d50-4e16-a7ce-520b195bcd6d.jpg','2024-03-05 20:53:53'),(59,'./images/20240305\\570a2c15-9d2e-4427-bf0c-f61457c040b8.jpg','2024-03-05 20:53:54'),(60,'./images/20240305\\b44eca2d-03ce-44b4-8d99-8e75770ecd56.jpg','2024-03-05 20:53:54'),(61,'./images/20240305\\350fb7d4-e8a8-425f-bf0c-ff3a87a4fc8c.jpg','2024-03-05 20:53:54'),(62,'./images/20240305\\0755fced-5852-4dbd-b982-3c628122a056.jpg','2024-03-05 20:53:54'),(63,'./images/20240305\\f55c2db2-383b-4521-b70a-95e26be660d2.jpg','2024-03-05 20:53:55'),(64,'./images/20240305\\73cd5bd4-f1dd-4798-8a9c-8f9b12feeb57.jpg','2024-03-05 20:53:55'),(65,'./images/20240305\\fe6ec497-87ee-4200-808e-3ffcd45f246b.jpg','2024-03-05 20:53:55'),(66,'./images/20240305\\aacda07e-ad29-4dc5-b66c-7767c307b6fb.jpg','2024-03-05 20:53:55'),(67,'./images/20240305\\547ec19c-e2f3-41b9-ba4f-efb633ec5302.jpg','2024-03-05 20:53:56'),(68,'./images/20240305\\14e958a8-e44d-44ce-8b62-97afbee9509e.jpg','2024-03-05 20:53:56'),(69,'./images/20240305\\7fabafcf-d7f0-49b0-ae64-45fde5accb45.jpg','2024-03-05 20:53:56'),(70,'./images/20240305\\fffb03bc-57a3-4129-9dcc-1c77761fe5d9.jpg','2024-03-05 20:53:56'),(71,'./images/20240305\\2ab92e3f-cd1b-43e1-a19b-4d71ab696e58.jpg','2024-03-05 20:53:56'),(72,'./images/20240305\\51dece6e-bba1-4850-aa46-30493e84f840.jpg','2024-03-05 20:53:57'),(73,'./images/20240305\\160a1046-e0a4-4b56-b457-73963ced5ecf.jpg','2024-03-05 20:53:57'),(74,'./images/20240305\\da1eb014-1176-4920-8b6c-d98868f9eb05.jpg','2024-03-05 20:53:57'),(75,'./images/20240305\\eee2c489-9128-44f7-baa0-2f507c6b560d.jpg','2024-03-05 20:53:57'),(76,'./images/20240305\\1a043cc0-66dd-47e1-b641-c5ef3487fd4c.jpg','2024-03-05 20:53:58'),(77,'./images/20240305\\81dc8714-1b4d-4819-a1ed-0ed621dc52be.jpg','2024-03-05 20:53:58'),(78,'./images/20240305\\d6d651b4-6b35-497e-8488-6091ac92ede1.jpg','2024-03-05 20:53:58'),(79,'./images/20240305\\9ceac23f-c9e1-48d6-b9d0-4804d3da2614.jpg','2024-03-05 20:53:58'),(80,'./images/20240305\\eb1bd7c3-9b90-4dd7-927c-e947056f46b5.jpg','2024-03-05 20:53:58'),(81,'./images/20240305\\19510a40-79e6-4e4c-902a-1098439c5eee.jpg','2024-03-05 20:53:59'),(82,'./images/20240305\\ae9f259d-68fc-4307-952a-1017969190d2.jpg','2024-03-05 20:53:59'),(83,'./images/20240305\\1b0b0b13-5500-4930-a185-4115448c9f2f.jpg','2024-03-05 20:53:59'),(84,'./images/20240305\\b812113c-a221-408a-9bfd-51891bf8a4ae.jpg','2024-03-05 20:53:59'),(85,'./images/20240305\\a19e536b-c6d0-4cf0-b08b-ef7ac7c1e879.jpg','2024-03-05 20:54:00'),(86,'./images/20240305\\92bdb4f5-904b-43b0-a2b4-cfc440221991.jpg','2024-03-05 20:54:00'),(87,'./images/20240305\\a323f45c-a5bd-476c-8c03-0ddad99bdb47.jpg','2024-03-05 20:54:00'),(88,'./images/20240305\\93ff70cf-096e-4d93-a1db-41efd292ab20.jpg','2024-03-05 20:54:00'),(89,'./images/20240305\\025e2370-ff12-4e07-a670-e7e899bbe4b0.jpg','2024-03-05 20:54:00'),(90,'./images/20240305\\383e47da-ca8b-4bfb-a509-a13173d1cf2b.jpg','2024-03-05 20:54:01'),(91,'./images/20240305\\cb1974ac-f496-4079-93ed-532a6d4b8dc3.jpg','2024-03-05 20:54:01'),(92,'./images/20240305\\329f5b33-b87c-4563-b031-c63af4ceae8d.jpg','2024-03-05 20:54:01'),(93,'./images/20240305\\2ae666ee-a396-46ea-846b-61e72e6ed18b.jpg','2024-03-05 20:54:01'),(94,'./images/20240305\\6de8f565-6707-48dc-8a84-802bf47bd0e1.jpg','2024-03-05 20:54:02'),(95,'./images/20240305\\eb33da4d-1f97-481a-9926-5c4590849638.jpg','2024-03-05 20:54:02'),(96,'./images/20240305\\c6d2333b-f99b-4041-b402-3ec26f3aefd1.jpg','2024-03-05 20:54:02'),(97,'./images/20240305\\907e109a-fa4f-471e-863c-2a99f430d9c6.jpg','2024-03-05 20:54:02'),(98,'./images/20240305\\2aa2e7a8-503b-4c84-bdd3-c8f357841517.jpg','2024-03-05 20:54:02'),(99,'./images/20240305\\8a7a1456-d085-4348-afc1-349042401f46.jpg','2024-03-05 20:54:03'),(100,'./images/20240305\\50438e92-cd10-419a-8e01-f5f28bb89b90.jpg','2024-03-05 20:54:03'),(101,'./images/20240305\\e4452b11-0ba7-4c72-9ccb-66553f079c39.jpg','2024-03-05 20:54:03'),(102,'./images/20240305\\4f6d11ea-7e37-4f80-ae2a-11f8f111e03d.jpg','2024-03-05 20:54:03'),(103,'./images/20240305\\87e8b63c-f203-4b15-b908-c6543ae6aa7a.jpg','2024-03-05 20:54:03'),(104,'./images/20240305\\594d7cf7-072c-4979-afc1-313aecd013fa.jpg','2024-03-05 20:54:04'),(105,'./images/20240305\\bd811c9a-352f-48ff-b544-0825d0212330.jpg','2024-03-05 20:54:04'),(106,'./images/20240305\\5805017d-396d-4957-b4df-432b08f26795.jpg','2024-03-05 20:54:04'),(107,'./images/20240305\\41412a8e-95f6-4da4-9cee-cb8e41c3c2a0.jpg','2024-03-05 20:54:04'),(108,'./images/20240305\\ef37f7d6-81d4-49d8-bd1a-d546ef92b961.jpg','2024-03-05 20:54:05'),(109,'./images/20240305\\21d3b260-af3a-4c93-9b62-2efa49aa7877.jpg','2024-03-05 20:54:05'),(110,'./images/20240305\\e541d83b-b685-48b4-abd5-bd845935b89a.jpg','2024-03-05 20:54:05'),(111,'./images/20240305\\59aac741-fec8-4cb5-9b65-05e18841e2eb.jpg','2024-03-05 20:54:05'),(112,'./images/20240305\\eb36cba6-31bc-4db4-8b2e-2b7b451198fa.jpg','2024-03-05 20:54:05'),(113,'./images/20240305\\d20b0458-6077-4f2a-95a1-7a27108e5e2f.jpg','2024-03-05 20:54:06'),(114,'./images/20240305\\50afd7cc-be4f-42a1-acf9-cab4d1a2be19.jpg','2024-03-05 20:54:06'),(115,'./images/20240305\\a96bab66-66d3-4203-84fe-a1f81419644a.jpg','2024-03-05 20:54:06'),(116,'./images/20240305\\b7fa25f4-cfd9-4a66-b04a-523ecf0d12b1.jpg','2024-03-05 20:54:06');
/*!40000 ALTER TABLE `haut_action_record` ENABLE KEYS */;
UNLOCK TABLES;

--
-- Table structure for table `haut_attendance`
--

DROP TABLE IF EXISTS `haut_attendance`;
/*!40101 SET @saved_cs_client     = @@character_set_client */;
/*!50503 SET character_set_client = utf8mb4 */;
CREATE TABLE `haut_attendance` (
  `StudentID` int NOT NULL,
  `CourseID` int NOT NULL,
  `AttendanceDate` date NOT NULL,
  `Status` enum('未签','已签','老师代签') DEFAULT NULL,
  PRIMARY KEY (`StudentID`,`CourseID`,`AttendanceDate`),
  KEY `CourseID` (`CourseID`),
  CONSTRAINT `haut_attendance_ibfk_1` FOREIGN KEY (`StudentID`) REFERENCES `haut_student` (`student_id`),
  CONSTRAINT `haut_attendance_ibfk_2` FOREIGN KEY (`CourseID`) REFERENCES `haut_courses` (`CourseID`)
) ENGINE=InnoDB DEFAULT CHARSET=utf8mb3;
/*!40101 SET character_set_client = @saved_cs_client */;

--
-- Dumping data for table `haut_attendance`
--

LOCK TABLES `haut_attendance` WRITE;
/*!40000 ALTER TABLE `haut_attendance` DISABLE KEYS */;
/*!40000 ALTER TABLE `haut_attendance` ENABLE KEYS */;
UNLOCK TABLES;

--
-- Table structure for table `haut_behavior`
--

DROP TABLE IF EXISTS `haut_behavior`;
/*!40101 SET @saved_cs_client     = @@character_set_client */;
/*!50503 SET character_set_client = utf8mb4 */;
CREATE TABLE `haut_behavior` (
  `action_id` int NOT NULL AUTO_INCREMENT,
  `is_negative` tinyint(1) DEFAULT NULL,
  `action_name` varchar(50) DEFAULT NULL,
  PRIMARY KEY (`action_id`)
) ENGINE=InnoDB AUTO_INCREMENT=10 DEFAULT CHARSET=utf8mb3;
/*!40101 SET character_set_client = @saved_cs_client */;

--
-- Dumping data for table `haut_behavior`
--

LOCK TABLES `haut_behavior` WRITE;
/*!40000 ALTER TABLE `haut_behavior` DISABLE KEYS */;
INSERT INTO `haut_behavior` VALUES (1,0,'听讲'),(2,1,'扭头'),(3,0,'看书'),(4,1,'看手机'),(5,1,'起立'),(6,1,'吃喝'),(7,1,'趴桌子'),(8,1,'睡觉'),(9,1,'走神');
/*!40000 ALTER TABLE `haut_behavior` ENABLE KEYS */;
UNLOCK TABLES;

--
-- Table structure for table `haut_coordinates`
--

DROP TABLE IF EXISTS `haut_coordinates`;
/*!40101 SET @saved_cs_client     = @@character_set_client */;
/*!50503 SET character_set_client = utf8mb4 */;
CREATE TABLE `haut_coordinates` (
  `id` int NOT NULL AUTO_INCREMENT,
  `action_record_id` int DEFAULT NULL,
  `student_id` int DEFAULT NULL,
  `behavior_id` int DEFAULT NULL,
  `x1` int DEFAULT NULL,
  `y1` int DEFAULT NULL,
  `x2` int DEFAULT NULL,
  `y2` int DEFAULT NULL,
  PRIMARY KEY (`id`),
  KEY `action_record_id` (`action_record_id`),
  KEY `student_id` (`student_id`),
  KEY `behavior_id` (`behavior_id`),
  CONSTRAINT `haut_coordinates_ibfk_1` FOREIGN KEY (`action_record_id`) REFERENCES `haut_action_record` (`id`),
  CONSTRAINT `haut_coordinates_ibfk_2` FOREIGN KEY (`student_id`) REFERENCES `haut_student` (`student_id`),
  CONSTRAINT `haut_coordinates_ibfk_3` FOREIGN KEY (`behavior_id`) REFERENCES `haut_behavior` (`action_id`)
) ENGINE=InnoDB AUTO_INCREMENT=3462 DEFAULT CHARSET=utf8mb3;
/*!40101 SET character_set_client = @saved_cs_client */;

--
-- Dumping data for table `haut_coordinates`
--

LOCK TABLES `haut_coordinates` WRITE;
/*!40000 ALTER TABLE `haut_coordinates` DISABLE KEYS */;
INSERT INTO `haut_coordinates` VALUES (1,1,NULL,3,337,354,402,414),(2,1,NULL,3,519,363,593,417),(3,1,NULL,3,470,360,524,412),(4,1,NULL,3,592,365,682,422),(5,1,NULL,3,257,360,324,417),(6,1,NULL,3,616,329,683,370),(7,1,NULL,1,562,324,612,367),(8,1,NULL,1,521,321,565,365),(9,1,NULL,8,400,362,469,416),(10,1,NULL,3,402,363,468,414),(11,1,NULL,3,783,344,855,407),(12,1,NULL,1,471,317,524,366),(13,1,NULL,3,887,362,956,424),(14,1,NULL,3,322,310,382,357),(15,1,NULL,1,48,309,85,348),(16,1,NULL,3,121,322,170,359),(17,1,NULL,3,769,330,815,365),(18,1,NULL,3,529,277,567,306),(19,1,NULL,3,159,301,203,333),(20,1,NULL,1,153,344,222,401),(21,1,NULL,3,24,391,115,461),(22,1,NULL,1,445,291,474,316),(23,1,NULL,1,792,302,828,334),(24,1,NULL,3,552,308,593,336),(25,1,NULL,3,68,323,125,362),(26,1,NULL,8,32,360,96,407),(27,1,NULL,1,244,300,290,342),(28,1,NULL,1,474,280,511,309),(29,1,NULL,3,430,310,469,340),(30,1,NULL,3,565,283,605,313),(31,1,NULL,3,720,322,767,368),(32,1,NULL,1,633,278,669,308),(33,2,NULL,3,519,363,593,417),(34,2,NULL,3,593,363,674,419),(35,2,NULL,3,338,355,401,414),(36,2,NULL,3,468,360,524,412),(37,2,NULL,3,259,361,323,416),(38,2,NULL,3,619,334,684,371),(39,2,NULL,8,400,363,468,415),(40,2,NULL,1,563,325,612,366),(41,2,NULL,3,376,324,423,364),(42,2,NULL,3,522,327,567,364),(43,2,NULL,1,472,316,522,365),(44,2,NULL,3,783,340,849,407),(45,2,NULL,3,888,364,956,423),(46,2,NULL,3,401,363,466,414),(47,2,NULL,1,48,309,86,349),(48,2,NULL,3,528,276,566,307),(49,2,NULL,3,770,329,815,365),(50,2,NULL,8,282,505,383,543),(51,2,NULL,3,31,392,112,460),(52,2,NULL,1,245,300,288,339),(53,2,NULL,3,326,312,379,357),(54,2,NULL,3,159,302,203,332),(55,2,NULL,3,30,350,93,403),(56,2,NULL,3,563,280,604,315),(57,2,NULL,3,68,324,125,362),(58,2,NULL,1,791,302,826,332),(59,2,NULL,3,555,308,594,335),(60,2,NULL,1,0,317,40,365),(61,2,NULL,3,166,281,203,310),(62,2,NULL,1,898,326,949,369),(63,2,NULL,3,721,322,768,368),(64,2,NULL,3,123,327,171,362),(65,3,NULL,5,1,354,124,537),(66,3,NULL,3,468,360,525,412),(67,3,NULL,3,521,363,593,417),(68,3,NULL,3,337,355,401,414),(69,3,NULL,1,470,316,521,365),(70,3,NULL,3,377,324,422,365),(71,3,NULL,3,259,361,323,416),(72,3,NULL,1,521,321,565,364),(73,3,NULL,3,403,362,468,414),(74,3,NULL,3,620,335,683,371),(75,3,NULL,3,888,364,955,423),(76,3,NULL,3,565,280,609,313),(77,3,NULL,3,784,341,849,407),(78,3,NULL,1,568,322,615,367),(79,3,NULL,3,594,360,679,420),(80,3,NULL,8,402,362,470,413),(81,3,NULL,3,324,314,381,359),(82,3,NULL,1,473,282,510,315),(83,3,NULL,3,554,309,590,336),(84,3,NULL,1,48,309,87,348),(85,3,NULL,3,892,325,943,368),(86,3,NULL,5,101,342,161,527),(87,3,NULL,1,443,291,473,317),(88,3,NULL,3,720,322,768,369),(89,3,NULL,5,121,343,205,519),(90,3,NULL,3,770,330,815,365),(91,3,NULL,1,760,286,786,313),(92,3,NULL,3,508,302,549,337),(93,3,NULL,3,160,302,204,333),(94,3,NULL,3,158,344,226,399),(95,3,NULL,3,848,332,892,372),(96,3,NULL,3,755,306,793,335),(97,3,NULL,3,124,325,173,363),(98,3,NULL,1,244,300,293,341),(99,4,NULL,3,521,363,593,416),(100,4,NULL,3,337,354,402,414),(101,4,NULL,3,592,364,681,422),(102,4,NULL,3,619,335,682,371),(103,4,NULL,3,402,364,466,414),(104,4,NULL,3,256,359,325,416),(105,4,NULL,3,468,361,526,412),(106,4,NULL,3,566,277,610,313),(107,4,NULL,1,566,323,615,365),(108,4,NULL,3,888,364,955,422),(109,4,NULL,3,521,323,567,363),(110,4,NULL,1,466,331,519,364),(111,4,NULL,3,379,320,425,364),(112,4,NULL,3,329,314,383,359),(113,4,NULL,3,553,309,592,335),(114,4,NULL,3,783,341,849,407),(115,4,NULL,3,160,345,227,405),(116,4,NULL,1,755,290,788,328),(117,4,NULL,3,768,321,809,364),(118,4,NULL,1,42,308,82,348),(119,4,NULL,3,892,326,940,366),(120,4,NULL,3,791,305,824,334),(121,4,NULL,5,283,271,344,361),(122,4,NULL,1,785,342,850,406),(123,4,NULL,3,722,322,768,368),(124,4,NULL,1,711,290,748,321),(125,4,NULL,3,160,303,202,334),(126,4,NULL,1,832,303,863,334),(127,4,NULL,1,475,280,510,308),(128,4,NULL,1,634,278,669,308),(129,4,NULL,3,849,336,891,371),(130,4,NULL,5,94,354,215,513),(131,4,NULL,1,0,316,40,360),(132,4,NULL,3,138,289,171,315),(133,4,NULL,3,14,399,111,462),(134,4,NULL,3,222,284,252,312),(135,5,NULL,3,520,362,593,416),(136,5,NULL,3,337,354,402,414),(137,5,NULL,3,593,363,673,417),(138,5,NULL,3,257,360,324,416),(139,5,NULL,8,470,363,528,412),(140,5,NULL,3,619,334,684,372),(141,5,NULL,8,401,364,469,416),(142,5,NULL,1,561,322,614,366),(143,5,NULL,3,467,363,527,412),(144,5,NULL,3,377,319,429,365),(145,5,NULL,3,402,364,468,414),(146,5,NULL,3,318,314,383,360),(147,5,NULL,3,564,280,608,314),(148,5,NULL,1,40,312,81,350),(149,5,NULL,3,39,392,116,461),(150,5,NULL,8,34,365,97,405),(151,5,NULL,3,887,363,953,422),(152,5,NULL,8,463,331,521,367),(153,5,NULL,5,343,253,396,340),(154,5,NULL,3,786,309,820,336),(155,5,NULL,3,844,332,889,373),(156,5,NULL,1,464,332,520,366),(157,5,NULL,8,29,349,95,395),(158,5,NULL,3,523,323,567,363),(159,5,NULL,3,785,341,848,408),(160,5,NULL,3,67,324,126,363),(161,5,NULL,1,164,341,229,404),(162,5,NULL,3,768,325,810,366),(163,5,NULL,1,345,260,403,314),(164,5,NULL,1,757,293,789,329),(165,5,NULL,1,784,340,848,406),(166,5,NULL,1,473,280,510,311),(167,5,NULL,8,469,311,509,338),(168,5,NULL,1,899,329,944,366),(169,5,NULL,1,0,317,39,359),(170,5,NULL,8,0,385,51,453),(171,6,NULL,3,519,363,592,416),(172,6,NULL,3,338,354,402,415),(173,6,NULL,3,593,364,679,421),(174,6,NULL,1,779,340,842,402),(175,6,NULL,3,257,360,324,416),(176,6,NULL,3,467,363,526,413),(177,6,NULL,3,402,364,468,414),(178,6,NULL,3,518,325,565,364),(179,6,NULL,8,401,364,468,415),(180,6,NULL,3,320,314,383,360),(181,6,NULL,3,620,334,685,372),(182,6,NULL,3,158,345,229,404),(183,6,NULL,8,470,363,526,413),(184,6,NULL,3,720,320,771,368),(185,6,NULL,3,563,279,606,313),(186,6,NULL,3,770,325,811,362),(187,6,NULL,1,376,270,423,306),(188,6,NULL,3,847,332,889,373),(189,6,NULL,3,379,329,425,365),(190,6,NULL,3,123,323,174,364),(191,6,NULL,3,159,302,203,332),(192,6,NULL,1,471,280,511,311),(193,6,NULL,3,785,309,819,336),(194,6,NULL,8,463,330,520,367),(195,6,NULL,3,529,277,566,307),(196,6,NULL,1,463,332,518,366),(197,6,NULL,3,202,282,238,311),(198,6,NULL,3,42,311,84,350),(199,7,NULL,3,520,363,592,416),(200,7,NULL,3,339,355,401,414),(201,7,NULL,3,593,362,679,420),(202,7,NULL,8,401,363,467,415),(203,7,NULL,3,257,361,323,416),(204,7,NULL,3,778,346,838,404),(205,7,NULL,3,467,363,526,412),(206,7,NULL,3,518,326,564,364),(207,7,NULL,3,321,314,382,359),(208,7,NULL,3,620,335,685,372),(209,7,NULL,3,403,364,467,414),(210,7,NULL,1,564,323,615,367),(211,7,NULL,8,377,331,427,366),(212,7,NULL,8,469,363,527,413),(213,7,NULL,3,552,307,592,336),(214,7,NULL,1,463,332,518,366),(215,7,NULL,3,131,324,180,363),(216,7,NULL,3,716,319,770,370),(217,7,NULL,3,529,277,566,307),(218,7,NULL,1,41,311,84,351),(219,7,NULL,1,0,316,42,358),(220,7,NULL,1,244,299,294,342),(221,7,NULL,1,886,364,949,421),(222,7,NULL,3,202,283,236,311),(223,7,NULL,3,771,328,815,363),(224,7,NULL,3,20,402,113,465),(225,7,NULL,3,71,325,127,362),(226,7,NULL,3,161,302,201,332),(227,7,NULL,3,812,330,852,370),(228,7,NULL,3,780,310,820,341),(229,7,NULL,1,472,280,511,310),(230,7,NULL,3,188,272,220,298),(231,8,NULL,8,400,363,467,415),(232,8,NULL,3,520,363,592,416),(233,8,NULL,3,339,355,400,414),(234,8,NULL,3,594,366,681,421),(235,8,NULL,3,256,360,324,416),(236,8,NULL,3,518,325,564,364),(237,8,NULL,3,620,335,684,372),(238,8,NULL,3,466,363,526,414),(239,8,NULL,3,320,313,383,360),(240,8,NULL,8,377,331,427,366),(241,8,NULL,3,887,365,952,422),(242,8,NULL,8,467,364,527,413),(243,8,NULL,3,779,345,838,405),(244,8,NULL,5,100,348,210,517),(245,8,NULL,8,385,311,434,339),(246,8,NULL,3,134,324,182,364),(247,8,NULL,3,552,308,591,336),(248,8,NULL,1,778,345,838,405),(249,8,NULL,3,563,283,605,314),(250,8,NULL,3,565,324,616,367),(251,8,NULL,1,42,310,84,351),(252,8,NULL,3,850,331,895,371),(253,8,NULL,1,0,316,42,358),(254,8,NULL,1,462,332,518,366),(255,8,NULL,8,461,331,519,367),(256,8,NULL,1,632,276,669,309),(257,8,NULL,3,73,325,125,362),(258,8,NULL,3,528,277,567,307),(259,8,NULL,3,160,302,201,332),(260,9,NULL,3,521,363,592,416),(261,9,NULL,8,401,366,465,416),(262,9,NULL,3,339,352,400,414),(263,9,NULL,3,593,364,679,419),(264,9,NULL,8,38,367,102,412),(265,9,NULL,3,257,361,323,416),(266,9,NULL,3,778,345,838,406),(267,9,NULL,3,468,362,525,414),(268,9,NULL,8,378,331,427,366),(269,9,NULL,3,319,313,383,359),(270,9,NULL,3,513,324,562,363),(271,9,NULL,3,620,335,685,372),(272,9,NULL,3,887,365,951,423),(273,9,NULL,3,158,345,229,404),(274,9,NULL,8,468,362,526,413),(275,9,NULL,1,565,322,618,366),(276,9,NULL,8,28,347,84,384),(277,9,NULL,3,529,277,568,307),(278,9,NULL,3,908,333,959,371),(279,9,NULL,8,385,311,433,340),(280,9,NULL,8,27,348,96,390),(281,9,NULL,1,463,332,517,366),(282,9,NULL,8,0,384,48,447),(283,9,NULL,8,462,331,518,367),(284,9,NULL,3,141,325,187,364),(285,9,NULL,3,551,309,592,337),(286,9,NULL,8,299,354,348,393),(287,9,NULL,3,563,283,606,314),(288,9,NULL,1,0,316,42,358),(289,9,NULL,1,476,281,508,311),(290,10,NULL,3,338,354,400,414),(291,10,NULL,3,520,363,592,417),(292,10,NULL,8,401,367,464,416),(293,10,NULL,3,592,364,679,420),(294,10,NULL,3,778,347,837,406),(295,10,NULL,8,38,366,102,412),(296,10,NULL,3,255,362,325,419),(297,10,NULL,3,515,320,564,363),(298,10,NULL,3,620,336,685,372),(299,10,NULL,3,467,362,525,414),(300,10,NULL,3,319,314,383,360),(301,10,NULL,3,158,345,227,403),(302,10,NULL,8,377,331,427,367),(303,10,NULL,8,29,348,94,388),(304,10,NULL,1,39,310,81,351),(305,10,NULL,8,0,384,52,447),(306,10,NULL,1,562,322,617,367),(307,10,NULL,3,528,277,569,307),(308,10,NULL,3,896,326,948,366),(309,10,NULL,8,462,330,519,367),(310,10,NULL,8,838,333,889,373),(311,10,NULL,1,888,366,952,419),(312,10,NULL,3,138,326,183,365),(313,10,NULL,8,767,330,817,364),(314,10,NULL,1,373,272,423,308),(315,10,NULL,8,385,312,433,340),(316,10,NULL,3,551,308,591,337),(317,10,NULL,3,563,283,605,313),(318,10,NULL,3,234,302,288,346),(319,10,NULL,1,462,332,517,366),(320,10,NULL,1,0,316,41,359),(321,11,NULL,3,519,363,593,416),(322,11,NULL,3,595,361,681,420),(323,11,NULL,3,337,353,400,415),(324,11,NULL,8,399,366,467,416),(325,11,NULL,3,468,361,523,412),(326,11,NULL,3,780,348,837,407),(327,11,NULL,3,254,361,324,420),(328,11,NULL,8,376,332,427,367),(329,11,NULL,3,321,314,382,359),(330,11,NULL,1,564,324,615,366),(331,11,NULL,3,896,328,948,368),(332,11,NULL,3,718,324,766,368),(333,11,NULL,3,553,309,592,335),(334,11,NULL,8,385,312,433,341),(335,11,NULL,3,519,325,565,364),(336,11,NULL,3,146,342,221,405),(337,11,NULL,3,616,331,685,369),(338,11,NULL,3,563,282,604,314),(339,11,NULL,5,105,353,217,525),(340,11,NULL,1,0,317,39,357),(341,11,NULL,1,373,272,422,307),(342,11,NULL,8,461,331,517,367),(343,11,NULL,1,463,332,516,366),(344,11,NULL,3,529,277,567,307),(345,11,NULL,3,68,325,126,363),(346,11,NULL,1,634,278,671,308),(347,11,NULL,1,475,280,509,308),(348,11,NULL,1,647,290,684,324),(349,12,NULL,3,520,363,592,416),(350,12,NULL,3,779,347,838,405),(351,12,NULL,3,594,363,681,420),(352,12,NULL,8,400,365,467,415),(353,12,NULL,3,333,353,400,415),(354,12,NULL,3,257,360,323,416),(355,12,NULL,8,377,332,427,367),(356,12,NULL,8,470,364,527,413),(357,12,NULL,3,322,314,383,359),(358,12,NULL,3,468,364,526,412),(359,12,NULL,3,620,335,684,372),(360,12,NULL,1,462,333,516,366),(361,12,NULL,3,515,334,563,365),(362,12,NULL,8,385,311,433,340),(363,12,NULL,3,168,346,232,407),(364,12,NULL,1,565,323,616,366),(365,12,NULL,1,0,316,42,361),(366,12,NULL,3,565,283,603,313),(367,12,NULL,1,475,280,509,309),(368,12,NULL,3,551,309,591,336),(369,12,NULL,3,14,403,115,466),(370,12,NULL,1,375,273,422,307),(371,12,NULL,3,138,329,186,364),(372,12,NULL,3,201,282,238,311),(373,12,NULL,1,793,303,829,333),(374,12,NULL,3,888,365,953,422),(375,12,NULL,3,69,327,125,363),(376,12,NULL,1,646,291,683,326),(377,12,NULL,3,108,300,149,331),(378,12,NULL,3,809,326,853,369),(379,12,NULL,3,718,325,767,368),(380,12,NULL,8,0,382,48,446),(381,13,NULL,3,520,363,593,416),(382,13,NULL,8,471,367,527,412),(383,13,NULL,3,778,347,838,405),(384,13,NULL,3,257,361,322,415),(385,13,NULL,8,402,366,463,415),(386,13,NULL,3,334,353,400,415),(387,13,NULL,3,619,335,684,372),(388,13,NULL,5,80,381,186,529),(389,13,NULL,8,378,332,427,367),(390,13,NULL,8,593,366,680,420),(391,13,NULL,3,593,366,682,421),(392,13,NULL,3,886,366,950,422),(393,13,NULL,8,36,363,106,405),(394,13,NULL,3,563,324,617,367),(395,13,NULL,3,515,334,562,365),(396,13,NULL,3,0,383,51,447),(397,13,NULL,3,850,332,898,371),(398,13,NULL,3,718,325,767,368),(399,13,NULL,8,522,363,592,414),(400,13,NULL,3,45,389,119,458),(401,13,NULL,8,464,331,518,367),(402,13,NULL,3,163,339,239,407),(403,13,NULL,1,0,319,39,379),(404,13,NULL,8,0,480,68,543),(405,13,NULL,8,385,312,433,340),(406,13,NULL,1,463,331,518,367),(407,13,NULL,1,42,332,91,385),(408,13,NULL,3,201,282,238,312),(409,13,NULL,3,137,326,183,363),(410,13,NULL,3,75,327,125,362),(411,13,NULL,8,769,330,815,364),(412,14,NULL,3,520,362,593,416),(413,14,NULL,8,400,363,470,416),(414,14,NULL,3,778,347,838,405),(415,14,NULL,3,468,361,524,412),(416,14,NULL,8,377,331,427,367),(417,14,NULL,3,256,361,323,416),(418,14,NULL,8,38,363,109,411),(419,14,NULL,8,597,366,683,421),(420,14,NULL,3,335,352,401,416),(421,14,NULL,3,136,325,180,362),(422,14,NULL,3,564,324,618,367),(423,14,NULL,8,385,311,433,340),(424,14,NULL,3,620,335,684,370),(425,14,NULL,3,16,395,110,460),(426,14,NULL,3,886,365,950,422),(427,14,NULL,3,514,334,562,364),(428,14,NULL,1,165,284,201,314),(429,14,NULL,8,461,331,517,367),(430,14,NULL,3,596,366,683,418),(431,14,NULL,1,462,333,516,365),(432,14,NULL,3,551,309,591,336),(433,14,NULL,1,162,338,226,401),(434,14,NULL,8,767,331,816,364),(435,14,NULL,3,528,277,568,307),(436,14,NULL,8,104,351,181,420),(437,14,NULL,3,563,283,605,314),(438,14,NULL,3,852,331,900,372),(439,14,NULL,2,887,365,952,421),(440,14,NULL,1,0,317,40,361),(441,14,NULL,8,120,443,216,503),(442,14,NULL,8,708,376,753,416),(443,14,NULL,3,808,329,853,369),(444,15,NULL,3,519,363,593,417),(445,15,NULL,3,616,327,684,370),(446,15,NULL,3,779,347,838,405),(447,15,NULL,8,401,363,466,415),(448,15,NULL,3,337,352,401,415),(449,15,NULL,8,593,368,682,419),(450,15,NULL,3,468,362,524,412),(451,15,NULL,3,256,360,324,416),(452,15,NULL,3,320,315,383,359),(453,15,NULL,8,378,332,427,366),(454,15,NULL,3,886,364,950,421),(455,15,NULL,2,43,337,113,401),(456,15,NULL,1,897,325,948,368),(457,15,NULL,1,163,337,233,401),(458,15,NULL,3,852,329,900,371),(459,15,NULL,3,137,325,182,362),(460,15,NULL,3,158,296,204,332),(461,15,NULL,3,514,333,562,364),(462,15,NULL,3,719,325,769,367),(463,15,NULL,8,707,378,752,416),(464,15,NULL,3,566,324,617,367),(465,15,NULL,1,462,333,516,365),(466,15,NULL,3,562,282,605,314),(467,15,NULL,8,768,330,816,364),(468,15,NULL,8,460,331,517,368),(469,15,NULL,3,21,383,114,459),(470,15,NULL,3,550,309,591,337),(471,15,NULL,3,809,329,853,369),(472,15,NULL,3,41,337,113,404),(473,16,NULL,8,592,373,679,421),(474,16,NULL,3,520,363,592,417),(475,16,NULL,8,400,364,465,416),(476,16,NULL,3,339,352,400,414),(477,16,NULL,3,617,334,683,370),(478,16,NULL,3,256,360,323,416),(479,16,NULL,3,467,362,525,414),(480,16,NULL,8,379,331,427,366),(481,16,NULL,1,158,337,227,400),(482,16,NULL,3,320,315,381,358),(483,16,NULL,8,708,378,756,418),(484,16,NULL,3,562,282,604,315),(485,16,NULL,3,779,344,839,401),(486,16,NULL,3,565,324,617,367),(487,16,NULL,1,462,332,516,366),(488,16,NULL,3,139,325,182,362),(489,16,NULL,2,43,338,106,397),(490,16,NULL,8,461,330,517,368),(491,16,NULL,3,885,364,949,421),(492,16,NULL,8,385,311,434,340),(493,16,NULL,3,81,454,169,543),(494,16,NULL,3,752,295,790,333),(495,16,NULL,3,812,330,854,369),(496,16,NULL,3,526,275,568,308),(497,17,NULL,8,591,373,679,421),(498,17,NULL,3,520,362,593,417),(499,17,NULL,3,617,328,683,370),(500,17,NULL,8,399,364,469,416),(501,17,NULL,3,337,353,400,415),(502,17,NULL,3,255,361,323,416),(503,17,NULL,3,466,361,523,414),(504,17,NULL,3,520,325,567,364),(505,17,NULL,8,378,331,427,366),(506,17,NULL,1,831,301,867,335),(507,17,NULL,3,434,299,476,335),(508,17,NULL,1,793,304,828,335),(509,17,NULL,1,779,344,838,403),(510,17,NULL,3,751,294,791,332),(511,17,NULL,3,321,314,382,358),(512,17,NULL,1,887,366,951,419),(513,17,NULL,8,461,331,516,368),(514,17,NULL,1,565,323,616,367),(515,17,NULL,1,159,339,220,400),(516,17,NULL,3,142,325,183,366),(517,17,NULL,3,527,277,567,308),(518,17,NULL,3,120,290,153,327),(519,17,NULL,3,727,285,771,321),(520,17,NULL,3,158,297,205,332),(521,17,NULL,3,14,385,112,462),(522,17,NULL,8,707,379,753,419),(523,17,NULL,3,71,302,117,333),(524,18,NULL,3,617,327,682,371),(525,18,NULL,8,591,373,680,421),(526,18,NULL,3,520,362,594,417),(527,18,NULL,8,400,365,468,416),(528,18,NULL,3,467,362,525,414),(529,18,NULL,3,256,360,323,416),(530,18,NULL,3,335,352,400,416),(531,18,NULL,8,378,331,427,366),(532,18,NULL,1,823,300,859,334),(533,18,NULL,3,565,324,618,367),(534,18,NULL,3,718,325,772,370),(535,18,NULL,1,159,339,221,400),(536,18,NULL,3,514,333,563,364),(537,18,NULL,3,751,294,790,330),(538,18,NULL,8,706,379,751,418),(539,18,NULL,1,794,305,825,333),(540,18,NULL,3,9,384,109,460),(541,18,NULL,3,888,364,953,421),(542,18,NULL,1,778,346,838,403),(543,18,NULL,1,462,333,516,366),(544,18,NULL,1,0,316,36,358),(545,18,NULL,3,100,351,177,421),(546,18,NULL,3,138,324,184,364),(547,18,NULL,3,528,277,567,307),(548,18,NULL,3,232,296,289,346),(549,18,NULL,3,810,332,853,368),(550,18,NULL,3,730,287,768,320),(551,18,NULL,8,315,337,371,363),(552,18,NULL,2,11,384,102,456),(553,18,NULL,1,160,296,203,333),(554,19,NULL,3,520,363,593,416),(555,19,NULL,8,401,365,468,416),(556,19,NULL,3,469,362,525,413),(557,19,NULL,3,616,324,682,368),(558,19,NULL,3,339,352,400,414),(559,19,NULL,3,593,358,679,419),(560,19,NULL,3,256,360,323,417),(561,19,NULL,1,61,336,116,402),(562,19,NULL,3,719,325,772,369),(563,19,NULL,8,378,331,427,366),(564,19,NULL,1,793,304,829,335),(565,19,NULL,3,529,277,566,307),(566,19,NULL,1,162,296,201,332),(567,19,NULL,1,140,320,183,364),(568,19,NULL,3,159,339,219,403),(569,19,NULL,3,888,365,953,421),(570,19,NULL,3,513,332,562,364),(571,19,NULL,5,89,360,203,531),(572,19,NULL,3,320,314,382,358),(573,19,NULL,3,562,283,599,313),(574,19,NULL,3,565,325,616,366),(575,19,NULL,1,850,331,890,373),(576,19,NULL,1,566,324,615,367),(577,19,NULL,3,768,325,808,363),(578,19,NULL,8,9,385,110,461),(579,19,NULL,1,462,331,516,367),(580,19,NULL,3,754,298,789,332),(581,19,NULL,3,780,346,838,402),(582,19,NULL,1,781,347,838,402),(583,19,NULL,1,826,299,861,333),(584,19,NULL,3,811,332,851,368),(585,19,NULL,3,10,386,108,459),(586,20,NULL,3,595,364,686,423),(587,20,NULL,3,467,361,525,413),(588,20,NULL,8,401,364,467,416),(589,20,NULL,1,522,359,592,416),(590,20,NULL,3,334,353,401,416),(591,20,NULL,1,161,296,200,332),(592,20,NULL,3,616,326,686,369),(593,20,NULL,3,889,367,950,423),(594,20,NULL,3,402,364,467,414),(595,20,NULL,3,807,324,852,365),(596,20,NULL,3,8,385,107,459),(597,20,NULL,1,565,322,616,367),(598,20,NULL,8,378,332,427,366),(599,20,NULL,3,718,325,773,371),(600,20,NULL,3,850,331,897,371),(601,20,NULL,1,323,314,381,360),(602,20,NULL,3,118,352,185,426),(603,20,NULL,3,257,358,323,415),(604,20,NULL,3,560,284,598,313),(605,20,NULL,1,462,333,515,365),(606,20,NULL,3,34,315,77,350),(607,20,NULL,3,513,331,561,364),(608,20,NULL,1,185,270,217,301),(609,20,NULL,3,552,308,591,337),(610,20,NULL,1,794,303,826,334),(611,20,NULL,3,231,287,310,351),(612,20,NULL,3,52,343,119,408),(613,20,NULL,3,529,277,565,307),(614,20,NULL,3,896,331,952,369),(615,20,NULL,1,475,280,509,309),(616,20,NULL,3,385,311,434,340),(617,20,NULL,3,825,299,863,334),(618,20,NULL,3,385,299,434,334),(619,20,NULL,1,475,291,506,314),(620,21,NULL,3,521,362,593,416),(621,21,NULL,3,467,360,524,413),(622,21,NULL,8,400,364,469,416),(623,21,NULL,3,594,364,684,423),(624,21,NULL,3,336,352,401,415),(625,21,NULL,1,160,296,201,333),(626,21,NULL,3,780,344,837,403),(627,21,NULL,3,888,366,952,424),(628,21,NULL,1,565,323,616,367),(629,21,NULL,3,617,320,679,368),(630,21,NULL,3,322,315,383,359),(631,21,NULL,8,378,331,428,367),(632,21,NULL,3,10,384,109,457),(633,21,NULL,3,850,331,895,373),(634,21,NULL,1,794,304,829,335),(635,21,NULL,3,111,351,185,430),(636,21,NULL,1,633,278,688,331),(637,21,NULL,1,255,343,332,415),(638,21,NULL,3,720,325,770,371),(639,21,NULL,3,517,320,564,363),(640,21,NULL,1,0,317,38,363),(641,21,NULL,3,70,326,120,362),(642,21,NULL,3,255,343,330,415),(643,21,NULL,8,463,331,517,368),(644,21,NULL,3,812,327,852,368),(645,21,NULL,3,562,284,600,312),(646,21,NULL,1,475,280,509,309),(647,21,NULL,1,438,288,477,321),(648,21,NULL,3,384,312,434,340),(649,21,NULL,3,734,289,768,320),(650,21,NULL,3,528,278,565,307),(651,21,NULL,3,552,308,591,336),(652,21,NULL,3,384,299,433,336),(653,21,NULL,3,157,341,221,404),(654,21,NULL,1,463,332,518,366),(655,21,NULL,1,779,344,837,404),(656,21,NULL,3,768,324,810,364),(657,21,NULL,1,474,291,506,315),(658,22,NULL,3,520,361,593,416),(659,22,NULL,3,593,362,682,422),(660,22,NULL,8,399,364,468,416),(661,22,NULL,3,468,362,526,413),(662,22,NULL,3,334,352,400,415),(663,22,NULL,3,618,323,681,368),(664,22,NULL,1,622,279,673,338),(665,22,NULL,1,760,319,801,363),(666,22,NULL,3,256,348,328,414),(667,22,NULL,1,160,296,201,333),(668,22,NULL,1,793,303,826,335),(669,22,NULL,3,322,314,382,359),(670,22,NULL,3,852,332,899,372),(671,22,NULL,8,377,331,427,367),(672,22,NULL,3,11,385,110,458),(673,22,NULL,3,108,353,184,424),(674,22,NULL,3,889,366,952,421),(675,22,NULL,3,517,333,565,366),(676,22,NULL,3,35,315,84,352),(677,22,NULL,1,828,299,863,332),(678,22,NULL,3,564,323,617,366),(679,22,NULL,1,462,333,516,366),(680,22,NULL,1,781,345,836,400),(681,22,NULL,1,474,280,510,311),(682,22,NULL,3,158,340,221,403),(683,22,NULL,1,183,269,216,301),(684,22,NULL,3,20,351,103,410),(685,22,NULL,1,431,295,472,334),(686,22,NULL,1,565,322,616,367),(687,22,NULL,8,462,331,518,368),(688,22,NULL,3,19,348,86,404),(689,22,NULL,3,129,316,178,362),(690,22,NULL,3,384,300,433,335),(691,22,NULL,3,705,375,755,421),(692,23,NULL,3,520,361,594,417),(693,23,NULL,3,468,361,525,413),(694,23,NULL,3,594,364,685,424),(695,23,NULL,3,564,319,617,365),(696,23,NULL,8,399,363,468,415),(697,23,NULL,3,249,348,327,417),(698,23,NULL,3,518,325,564,363),(699,23,NULL,3,326,315,382,359),(700,23,NULL,3,334,352,401,417),(701,23,NULL,3,623,330,691,372),(702,23,NULL,1,622,288,665,336),(703,23,NULL,1,793,303,830,336),(704,23,NULL,3,849,332,895,373),(705,23,NULL,3,889,366,951,422),(706,23,NULL,1,827,299,866,334),(707,23,NULL,1,461,332,517,367),(708,23,NULL,8,379,332,427,366),(709,23,NULL,1,161,295,201,333),(710,23,NULL,3,108,353,178,425),(711,23,NULL,5,122,344,227,520),(712,23,NULL,3,529,278,566,308),(713,23,NULL,1,780,345,837,403),(714,23,NULL,1,476,280,509,309),(715,23,NULL,3,36,315,83,352),(716,23,NULL,3,566,282,608,312),(717,23,NULL,3,753,296,789,327),(718,23,NULL,5,153,338,232,511),(719,23,NULL,1,374,272,422,308),(720,23,NULL,3,508,319,556,363),(721,24,NULL,3,521,361,593,416),(722,24,NULL,3,594,364,685,423),(723,24,NULL,3,624,326,683,370),(724,24,NULL,3,469,362,525,414),(725,24,NULL,8,398,364,469,415),(726,24,NULL,3,335,351,400,416),(727,24,NULL,3,567,325,616,365),(728,24,NULL,8,9,386,112,460),(729,24,NULL,1,827,299,869,335),(730,24,NULL,3,322,315,382,358),(731,24,NULL,1,763,321,803,362),(732,24,NULL,3,849,331,893,373),(733,24,NULL,1,721,318,766,366),(734,24,NULL,1,791,302,828,336),(735,24,NULL,1,463,333,516,365),(736,24,NULL,1,160,296,201,333),(737,24,NULL,3,529,278,566,308),(738,24,NULL,8,38,362,107,410),(739,24,NULL,1,612,313,653,357),(740,24,NULL,1,779,345,837,404),(741,24,NULL,1,183,270,215,304),(742,24,NULL,3,252,350,327,418),(743,24,NULL,3,563,283,598,314),(744,24,NULL,1,551,312,588,350),(745,24,NULL,3,735,289,768,318),(746,24,NULL,3,778,344,838,404),(747,24,NULL,1,890,364,950,422),(748,24,NULL,3,109,355,178,423),(749,24,NULL,3,400,363,466,414),(750,24,NULL,3,576,291,614,322),(751,24,NULL,1,374,272,422,307),(752,24,NULL,1,0,310,36,359),(753,24,NULL,3,521,336,563,364),(754,24,NULL,3,378,331,425,366),(755,24,NULL,3,751,302,789,328),(756,24,NULL,3,810,328,851,368),(757,24,NULL,3,468,309,512,338),(758,24,NULL,3,505,317,544,354),(759,25,NULL,3,523,361,593,416),(760,25,NULL,3,595,365,684,422),(761,25,NULL,8,470,367,530,413),(762,25,NULL,8,399,364,468,415),(763,25,NULL,1,720,318,767,367),(764,25,NULL,3,621,334,683,371),(765,25,NULL,1,768,321,808,362),(766,25,NULL,3,336,352,401,416),(767,25,NULL,1,831,300,869,335),(768,25,NULL,1,161,296,200,332),(769,25,NULL,3,849,332,894,373),(770,25,NULL,1,184,271,214,303),(771,25,NULL,3,321,315,381,359),(772,25,NULL,3,563,283,601,314),(773,25,NULL,1,779,345,838,403),(774,25,NULL,1,793,304,826,335),(775,25,NULL,3,120,322,171,363),(776,25,NULL,3,529,278,566,307),(777,25,NULL,1,891,365,951,419),(778,25,NULL,3,257,351,324,416),(779,25,NULL,3,467,367,529,413),(780,25,NULL,3,567,324,616,366),(781,25,NULL,3,2,399,111,465),(782,25,NULL,3,384,306,432,338),(783,25,NULL,3,810,328,851,368),(784,25,NULL,3,752,299,789,332),(785,25,NULL,3,521,336,564,365),(786,25,NULL,1,463,333,518,367),(787,25,NULL,3,106,352,185,426),(788,25,NULL,1,375,271,422,307),(789,25,NULL,3,780,344,838,402),(790,25,NULL,3,470,312,510,339),(791,25,NULL,8,1,397,113,466),(792,25,NULL,3,505,317,544,354),(793,25,NULL,3,114,293,152,329),(794,25,NULL,3,0,310,39,356),(795,25,NULL,3,37,315,81,351),(796,25,NULL,1,471,280,510,309),(797,25,NULL,3,606,314,653,355),(798,26,NULL,3,523,362,593,416),(799,26,NULL,3,620,335,683,371),(800,26,NULL,3,595,366,685,423),(801,26,NULL,8,400,364,467,415),(802,26,NULL,3,468,364,528,414),(803,26,NULL,3,720,325,771,370),(804,26,NULL,3,334,351,400,416),(805,26,NULL,1,833,299,870,335),(806,26,NULL,1,567,324,614,367),(807,26,NULL,3,401,364,466,414),(808,26,NULL,1,602,309,642,351),(809,26,NULL,3,849,332,894,374),(810,26,NULL,1,461,331,518,366),(811,26,NULL,1,160,294,201,333),(812,26,NULL,3,530,278,566,307),(813,26,NULL,3,323,314,383,360),(814,26,NULL,1,183,271,215,303),(815,26,NULL,3,564,283,599,313),(816,26,NULL,3,779,347,839,403),(817,26,NULL,3,111,351,187,426),(818,26,NULL,1,257,349,329,415),(819,26,NULL,1,779,347,838,404),(820,26,NULL,1,792,304,825,333),(821,26,NULL,3,521,336,566,364),(822,26,NULL,1,890,365,950,421),(823,26,NULL,1,0,311,36,355),(824,26,NULL,8,378,332,426,366),(825,26,NULL,3,123,328,174,364),(826,26,NULL,2,22,377,108,459),(827,26,NULL,1,375,273,421,307),(828,26,NULL,3,0,370,33,451),(829,26,NULL,3,21,377,110,459),(830,26,NULL,3,634,277,679,309),(831,26,NULL,3,810,331,851,367),(832,26,NULL,3,385,308,433,338),(833,26,NULL,3,771,324,811,362),(834,26,NULL,3,754,295,789,330),(835,26,NULL,3,229,299,286,347),(836,27,NULL,3,523,362,593,416),(837,27,NULL,5,96,345,203,517),(838,27,NULL,5,87,353,182,521),(839,27,NULL,3,594,365,683,421),(840,27,NULL,3,621,334,683,370),(841,27,NULL,1,259,347,332,414),(842,27,NULL,8,401,365,467,415),(843,27,NULL,3,334,352,400,416),(844,27,NULL,3,323,315,382,360),(845,27,NULL,1,160,294,201,332),(846,27,NULL,8,469,364,529,413),(847,27,NULL,1,821,299,858,334),(848,27,NULL,3,779,346,839,404),(849,27,NULL,1,604,310,643,353),(850,27,NULL,5,148,332,232,514),(851,27,NULL,3,520,334,566,365),(852,27,NULL,3,469,364,528,413),(853,27,NULL,3,849,333,896,372),(854,27,NULL,1,462,333,518,366),(855,27,NULL,3,565,284,597,312),(856,27,NULL,1,183,270,215,303),(857,27,NULL,3,401,364,464,415),(858,27,NULL,3,530,277,567,307),(859,27,NULL,1,567,323,614,367),(860,27,NULL,3,384,307,432,338),(861,27,NULL,3,706,288,743,317),(862,27,NULL,3,749,305,789,335),(863,27,NULL,1,471,280,510,309),(864,27,NULL,1,778,347,838,405),(865,27,NULL,1,375,274,421,307),(866,27,NULL,3,810,330,849,368),(867,27,NULL,3,31,316,75,353),(868,27,NULL,3,387,301,432,333),(869,27,NULL,3,768,321,808,361),(870,27,NULL,3,889,365,951,423),(871,27,NULL,1,723,325,770,365),(872,27,NULL,3,469,311,509,339),(873,27,NULL,8,378,332,425,366),(874,27,NULL,3,634,277,680,309),(875,27,NULL,3,118,323,171,365),(876,27,NULL,3,37,380,115,460),(877,27,NULL,3,513,301,550,334),(878,27,NULL,5,98,349,166,518),(879,27,NULL,3,378,331,425,366),(880,28,NULL,5,148,332,234,519),(881,28,NULL,3,523,361,593,417),(882,28,NULL,5,131,325,224,528),(883,28,NULL,3,0,378,54,454),(884,28,NULL,8,400,365,467,416),(885,28,NULL,3,620,334,684,371),(886,28,NULL,3,595,366,685,424),(887,28,NULL,3,334,352,400,416),(888,28,NULL,3,470,362,531,412),(889,28,NULL,3,45,381,120,455),(890,28,NULL,1,253,347,326,415),(891,28,NULL,3,846,330,894,373),(892,28,NULL,1,779,344,838,405),(893,28,NULL,1,820,300,858,334),(894,28,NULL,1,461,332,518,366),(895,28,NULL,3,721,326,774,369),(896,28,NULL,1,889,365,952,421),(897,28,NULL,8,375,331,426,366),(898,28,NULL,3,519,335,567,366),(899,28,NULL,3,607,311,649,353),(900,28,NULL,3,565,283,599,312),(901,28,NULL,1,567,323,615,367),(902,28,NULL,3,322,315,382,358),(903,28,NULL,3,769,323,807,361),(904,28,NULL,3,158,338,223,403),(905,28,NULL,5,88,348,178,529),(906,28,NULL,3,108,353,176,424),(907,28,NULL,1,471,279,511,309),(908,28,NULL,3,632,277,681,309),(909,28,NULL,3,529,277,566,307),(910,29,NULL,3,526,361,593,416),(911,29,NULL,5,78,365,181,516),(912,29,NULL,3,595,366,685,424),(913,29,NULL,3,620,336,684,371),(914,29,NULL,3,334,352,400,416),(915,29,NULL,5,91,349,208,515),(916,29,NULL,8,399,365,467,416),(917,29,NULL,3,0,378,51,454),(918,29,NULL,3,45,382,121,459),(919,29,NULL,3,256,346,329,415),(920,29,NULL,3,820,301,858,334),(921,29,NULL,3,847,332,895,373),(922,29,NULL,3,159,335,231,402),(923,29,NULL,1,778,343,838,404),(924,29,NULL,5,121,338,201,518),(925,29,NULL,3,605,312,644,353),(926,29,NULL,3,519,335,567,365),(927,29,NULL,3,565,285,598,312),(928,29,NULL,3,721,326,774,368),(929,29,NULL,1,568,324,614,367),(930,29,NULL,1,889,364,952,422),(931,29,NULL,1,476,279,510,306),(932,29,NULL,1,792,304,824,331),(933,29,NULL,1,469,352,530,411),(934,29,NULL,3,778,344,838,403),(935,29,NULL,8,377,331,427,366),(936,29,NULL,3,770,323,810,362),(937,29,NULL,1,465,331,518,366),(938,30,NULL,3,526,361,593,414),(939,30,NULL,3,465,360,530,412),(940,30,NULL,5,84,365,182,521),(941,30,NULL,3,620,335,683,371),(942,30,NULL,3,595,366,685,423),(943,30,NULL,8,400,364,465,414),(944,30,NULL,8,376,331,427,367),(945,30,NULL,1,464,330,519,369),(946,30,NULL,3,259,348,333,413),(947,30,NULL,3,37,381,112,457),(948,30,NULL,3,844,331,896,372),(949,30,NULL,1,889,365,950,421),(950,30,NULL,3,605,312,645,354),(951,30,NULL,3,564,284,597,311),(952,30,NULL,1,779,344,837,404),(953,30,NULL,1,333,353,399,415),(954,30,NULL,3,401,364,464,414),(955,30,NULL,3,520,335,567,365),(956,30,NULL,1,161,296,202,333),(957,30,NULL,3,779,344,838,404),(958,30,NULL,3,334,353,400,417),(959,30,NULL,3,0,373,46,453),(960,30,NULL,3,534,279,567,306),(961,30,NULL,1,791,304,823,331),(962,30,NULL,1,476,280,510,307),(963,30,NULL,3,387,300,436,334),(964,30,NULL,1,768,322,807,362),(965,30,NULL,1,510,292,548,330),(966,30,NULL,3,108,354,178,424),(967,30,NULL,3,580,294,615,326),(968,30,NULL,3,820,301,856,333),(969,30,NULL,3,386,312,434,340),(970,30,NULL,1,374,273,422,308),(971,31,NULL,3,525,361,593,416),(972,31,NULL,3,467,350,525,411),(973,31,NULL,3,594,365,685,423),(974,31,NULL,3,620,336,684,371),(975,31,NULL,3,404,364,467,414),(976,31,NULL,3,333,352,402,415),(977,31,NULL,3,258,347,334,414),(978,31,NULL,8,377,332,426,367),(979,31,NULL,8,8,406,121,465),(980,31,NULL,3,158,339,232,399),(981,31,NULL,3,847,332,896,372),(982,31,NULL,3,106,355,178,423),(983,31,NULL,1,778,345,837,404),(984,31,NULL,3,530,278,566,307),(985,31,NULL,3,605,312,645,352),(986,31,NULL,3,564,285,601,313),(987,31,NULL,1,476,280,510,307),(988,31,NULL,3,519,334,567,365),(989,31,NULL,1,465,331,517,365),(990,31,NULL,3,270,299,312,338),(991,31,NULL,3,435,311,472,339),(992,31,NULL,3,115,323,170,365),(993,31,NULL,1,821,301,857,334),(994,31,NULL,3,323,311,383,356),(995,31,NULL,8,735,407,811,464),(996,31,NULL,3,505,318,542,354),(997,31,NULL,3,385,312,435,342),(998,31,NULL,1,375,273,422,308),(999,31,NULL,3,566,324,615,367),(1000,31,NULL,3,0,375,40,451),(1001,31,NULL,1,888,364,955,420),(1002,32,NULL,3,526,361,593,415),(1003,32,NULL,3,618,323,683,370),(1004,32,NULL,3,465,360,529,413),(1005,32,NULL,8,404,363,469,415),(1006,32,NULL,1,466,331,519,367),(1007,32,NULL,3,597,370,689,423),(1008,32,NULL,3,332,353,403,417),(1009,32,NULL,8,7,409,116,464),(1010,32,NULL,1,778,344,838,404),(1011,32,NULL,3,849,332,897,373),(1012,32,NULL,8,596,369,684,422),(1013,32,NULL,3,529,278,566,307),(1014,32,NULL,3,323,316,382,359),(1015,32,NULL,3,106,355,174,423),(1016,32,NULL,3,256,347,327,416),(1017,32,NULL,1,889,363,956,423),(1018,32,NULL,8,377,332,427,366),(1019,32,NULL,3,520,334,567,365),(1020,32,NULL,1,789,304,825,334),(1021,32,NULL,3,564,283,603,314),(1022,32,NULL,3,385,311,433,341),(1023,32,NULL,3,0,311,39,358),(1024,32,NULL,3,566,323,615,367),(1025,32,NULL,4,23,341,88,402),(1026,32,NULL,3,720,327,773,370),(1027,32,NULL,1,474,280,509,309),(1028,32,NULL,3,605,312,644,360),(1029,32,NULL,1,440,286,476,320),(1030,32,NULL,1,375,272,421,308),(1031,32,NULL,3,809,329,853,370),(1032,32,NULL,1,821,301,857,334),(1033,32,NULL,3,575,296,613,322),(1034,33,NULL,5,63,378,179,529),(1035,33,NULL,3,524,361,594,416),(1036,33,NULL,8,468,366,535,414),(1037,33,NULL,3,617,320,687,369),(1038,33,NULL,3,253,357,326,418),(1039,33,NULL,3,598,369,689,422),(1040,33,NULL,8,404,365,471,414),(1041,33,NULL,3,332,353,403,417),(1042,33,NULL,1,465,332,519,366),(1043,33,NULL,3,157,341,229,398),(1044,33,NULL,3,849,332,896,374),(1045,33,NULL,1,778,345,838,404),(1046,33,NULL,1,474,280,510,311),(1047,33,NULL,3,529,278,566,307),(1048,33,NULL,3,564,283,600,313),(1049,33,NULL,1,602,307,640,351),(1050,33,NULL,3,0,377,52,454),(1051,33,NULL,3,403,364,469,414),(1052,33,NULL,3,809,326,852,370),(1053,33,NULL,8,464,330,519,369),(1054,33,NULL,3,720,324,774,369),(1055,33,NULL,3,771,326,813,364),(1056,33,NULL,1,736,289,771,322),(1057,33,NULL,3,518,333,568,365),(1058,33,NULL,8,470,311,510,339),(1059,33,NULL,8,377,332,426,366),(1060,33,NULL,1,789,304,826,335),(1061,33,NULL,1,440,289,476,321),(1062,33,NULL,3,778,345,839,404),(1063,33,NULL,3,322,316,382,358),(1064,33,NULL,1,157,294,204,337),(1065,33,NULL,1,889,363,956,423),(1066,33,NULL,3,108,354,178,427),(1067,33,NULL,1,821,300,860,335),(1068,33,NULL,3,385,312,433,341),(1069,34,NULL,3,522,361,594,416),(1070,34,NULL,3,616,329,686,371),(1071,34,NULL,8,402,364,469,414),(1072,34,NULL,3,599,368,689,422),(1073,34,NULL,8,467,362,533,414),(1074,34,NULL,3,255,357,325,416),(1075,34,NULL,1,465,332,520,366),(1076,34,NULL,1,778,345,837,404),(1077,34,NULL,1,336,349,402,415),(1078,34,NULL,3,157,341,230,401),(1079,34,NULL,1,447,297,482,335),(1080,34,NULL,3,563,282,595,312),(1081,34,NULL,3,772,327,814,363),(1082,34,NULL,3,519,333,567,365),(1083,34,NULL,1,789,303,825,334),(1084,34,NULL,1,602,306,645,349),(1085,34,NULL,3,809,328,853,371),(1086,34,NULL,3,232,301,286,347),(1087,34,NULL,3,323,317,383,359),(1088,34,NULL,1,474,281,509,313),(1089,34,NULL,3,565,322,616,366),(1090,34,NULL,1,162,296,200,333),(1091,34,NULL,3,576,294,609,321),(1092,34,NULL,3,467,362,531,413),(1093,34,NULL,1,821,301,858,334),(1094,34,NULL,1,376,272,420,308),(1095,34,NULL,3,849,330,892,375),(1096,34,NULL,3,386,312,433,340),(1097,34,NULL,1,531,277,568,307),(1098,34,NULL,3,107,353,179,424),(1099,34,NULL,8,378,332,426,366),(1100,34,NULL,3,633,277,683,312),(1101,34,NULL,1,736,289,771,322),(1102,35,NULL,3,525,361,594,415),(1103,35,NULL,3,619,332,684,371),(1104,35,NULL,3,256,357,328,417),(1105,35,NULL,3,337,352,403,414),(1106,35,NULL,8,405,364,471,414),(1107,35,NULL,3,468,360,531,412),(1108,35,NULL,3,598,370,690,423),(1109,35,NULL,1,465,332,519,365),(1110,35,NULL,1,605,310,647,351),(1111,35,NULL,3,562,282,602,312),(1112,35,NULL,3,0,386,48,455),(1113,35,NULL,3,567,323,615,367),(1114,35,NULL,3,790,304,825,334),(1115,35,NULL,3,778,345,839,404),(1116,35,NULL,1,778,345,837,404),(1117,35,NULL,3,320,314,383,359),(1118,35,NULL,3,520,334,567,365),(1119,35,NULL,1,474,280,510,312),(1120,35,NULL,3,108,355,175,421),(1121,35,NULL,3,160,338,229,405),(1122,35,NULL,8,379,333,426,366),(1123,35,NULL,3,42,384,126,461),(1124,35,NULL,1,531,278,566,306),(1125,35,NULL,1,888,364,958,420),(1126,35,NULL,1,721,325,770,369),(1127,35,NULL,1,770,321,809,362),(1128,35,NULL,3,229,300,287,347),(1129,35,NULL,1,376,273,422,307),(1130,36,NULL,3,525,361,593,416),(1131,36,NULL,3,619,331,684,370),(1132,36,NULL,8,406,365,473,414),(1133,36,NULL,3,467,360,531,412),(1134,36,NULL,3,597,366,689,423),(1135,36,NULL,3,338,352,403,414),(1136,36,NULL,3,255,357,325,416),(1137,36,NULL,1,505,312,543,350),(1138,36,NULL,8,379,333,426,367),(1139,36,NULL,1,464,332,519,365),(1140,36,NULL,5,122,334,211,513),(1141,36,NULL,3,778,346,839,404),(1142,36,NULL,1,889,364,955,423),(1143,36,NULL,8,4,407,110,464),(1144,36,NULL,5,150,334,233,512),(1145,36,NULL,3,854,338,895,373),(1146,36,NULL,1,161,296,201,333),(1147,36,NULL,8,408,352,473,401),(1148,36,NULL,3,566,286,612,320),(1149,36,NULL,1,474,287,508,314),(1150,36,NULL,3,719,325,768,367),(1151,36,NULL,3,606,312,647,354),(1152,36,NULL,1,793,304,825,332),(1153,36,NULL,3,320,315,384,360),(1154,36,NULL,1,474,280,510,311),(1155,36,NULL,3,769,322,811,363),(1156,36,NULL,1,778,347,838,404),(1157,36,NULL,1,375,274,420,309),(1158,36,NULL,3,34,314,76,349),(1159,36,NULL,1,823,301,858,333),(1160,36,NULL,8,25,365,101,413),(1161,36,NULL,3,567,323,616,367),(1162,36,NULL,3,810,332,853,368),(1163,37,NULL,3,524,361,594,415),(1164,37,NULL,3,599,363,689,423),(1165,37,NULL,8,405,366,469,415),(1166,37,NULL,3,467,360,529,412),(1167,37,NULL,3,617,331,684,371),(1168,37,NULL,8,379,333,426,366),(1169,37,NULL,3,254,359,325,416),(1170,37,NULL,1,333,352,403,414),(1171,37,NULL,3,850,325,898,372),(1172,37,NULL,3,720,325,769,368),(1173,37,NULL,1,464,332,519,365),(1174,37,NULL,8,385,312,434,341),(1175,37,NULL,3,771,323,812,363),(1176,37,NULL,1,778,345,838,404),(1177,37,NULL,1,162,297,201,333),(1178,37,NULL,3,519,334,568,364),(1179,37,NULL,3,811,329,853,369),(1180,37,NULL,3,604,313,645,353),(1181,37,NULL,3,779,344,839,404),(1182,37,NULL,3,332,352,404,416),(1183,37,NULL,1,791,304,825,333),(1184,37,NULL,3,11,402,111,465),(1185,37,NULL,1,374,274,421,309),(1186,37,NULL,8,465,330,520,366),(1187,37,NULL,3,567,325,616,365),(1188,37,NULL,3,326,317,383,358),(1189,37,NULL,3,300,338,352,390),(1190,37,NULL,1,474,280,511,310),(1191,37,NULL,3,822,300,858,334),(1192,37,NULL,1,889,366,954,421),(1193,37,NULL,1,822,301,857,333),(1194,38,NULL,3,521,361,593,417),(1195,38,NULL,3,598,363,688,423),(1196,38,NULL,8,402,367,467,416),(1197,38,NULL,1,471,319,522,364),(1198,38,NULL,3,618,333,685,372),(1199,38,NULL,3,335,352,401,415),(1200,38,NULL,3,254,357,326,416),(1201,38,NULL,3,466,359,523,412),(1202,38,NULL,3,771,324,812,363),(1203,38,NULL,3,889,364,954,423),(1204,38,NULL,1,162,296,201,333),(1205,38,NULL,3,381,327,428,366),(1206,38,NULL,3,605,312,646,354),(1207,38,NULL,3,778,345,839,404),(1208,38,NULL,1,791,304,825,334),(1209,38,NULL,3,520,334,566,364),(1210,38,NULL,3,849,330,897,373),(1211,38,NULL,3,573,289,614,322),(1212,38,NULL,8,14,404,116,464),(1213,38,NULL,3,719,325,768,368),(1214,38,NULL,1,778,345,837,404),(1215,38,NULL,3,812,328,851,368),(1216,38,NULL,3,422,344,466,378),(1217,38,NULL,1,376,273,421,308),(1218,38,NULL,1,473,280,510,310),(1219,38,NULL,3,823,300,858,333),(1220,38,NULL,3,320,316,383,357),(1221,38,NULL,5,125,343,211,502),(1222,39,NULL,3,521,361,593,417),(1223,39,NULL,3,597,363,689,423),(1224,39,NULL,3,619,330,684,371),(1225,39,NULL,1,473,319,520,365),(1226,39,NULL,3,255,358,326,416),(1227,39,NULL,3,846,329,894,374),(1228,39,NULL,3,465,361,523,412),(1229,39,NULL,1,332,352,401,414),(1230,39,NULL,3,777,344,839,404),(1231,39,NULL,3,381,326,428,366),(1232,39,NULL,3,771,324,813,363),(1233,39,NULL,1,792,305,824,334),(1234,39,NULL,3,605,313,645,356),(1235,39,NULL,1,778,345,837,404),(1236,39,NULL,8,402,367,467,415),(1237,39,NULL,3,888,366,952,423),(1238,39,NULL,3,386,296,436,336),(1239,39,NULL,3,519,333,566,365),(1240,39,NULL,3,402,366,465,414),(1241,39,NULL,3,573,290,612,321),(1242,39,NULL,1,162,296,201,333),(1243,39,NULL,1,719,325,768,368),(1244,39,NULL,3,433,312,470,340),(1245,39,NULL,3,108,355,175,423),(1246,39,NULL,3,440,300,477,334),(1247,39,NULL,3,0,388,32,449),(1248,39,NULL,3,822,300,857,334),(1249,39,NULL,3,567,286,609,316),(1250,39,NULL,3,530,277,566,306),(1251,39,NULL,3,567,322,615,367),(1252,39,NULL,1,635,277,675,309),(1253,40,NULL,3,524,360,593,417),(1254,40,NULL,3,597,364,688,423),(1255,40,NULL,5,96,353,208,512),(1256,40,NULL,1,473,322,523,365),(1257,40,NULL,3,466,361,528,413),(1258,40,NULL,3,257,359,328,417),(1259,40,NULL,1,770,320,809,365),(1260,40,NULL,3,333,352,401,415),(1261,40,NULL,3,619,332,685,371),(1262,40,NULL,3,0,387,41,454),(1263,40,NULL,3,36,394,113,460),(1264,40,NULL,3,821,302,857,334),(1265,40,NULL,3,382,327,429,366),(1266,40,NULL,1,888,364,956,420),(1267,40,NULL,3,566,323,615,366),(1268,40,NULL,3,158,338,224,403),(1269,40,NULL,3,721,324,766,366),(1270,40,NULL,1,163,297,201,333),(1271,40,NULL,3,575,290,613,320),(1272,40,NULL,3,565,285,596,313),(1273,40,NULL,3,520,334,567,365),(1274,40,NULL,3,605,313,646,355),(1275,40,NULL,3,432,312,468,340),(1276,40,NULL,3,750,302,788,333),(1277,40,NULL,3,786,343,848,405),(1278,40,NULL,1,789,344,848,405),(1279,40,NULL,3,386,305,432,338),(1280,40,NULL,1,793,305,826,335),(1281,40,NULL,3,403,365,472,415),(1282,40,NULL,3,405,345,475,409),(1283,41,NULL,3,521,362,593,416),(1284,41,NULL,3,592,357,660,414),(1285,41,NULL,5,123,334,210,514),(1286,41,NULL,8,470,367,530,412),(1287,41,NULL,8,399,364,467,416),(1288,41,NULL,5,155,333,232,512),(1289,41,NULL,1,470,321,523,368),(1290,41,NULL,3,253,357,328,419),(1291,41,NULL,3,381,326,430,365),(1292,41,NULL,3,771,324,813,366),(1293,41,NULL,3,629,332,684,368),(1294,41,NULL,1,160,296,201,333),(1295,41,NULL,1,792,304,825,332),(1296,41,NULL,3,603,313,648,357),(1297,41,NULL,1,335,351,400,414),(1298,41,NULL,3,821,305,858,334),(1299,41,NULL,3,566,323,614,364),(1300,41,NULL,3,888,365,955,423),(1301,41,NULL,3,386,305,433,339),(1302,41,NULL,1,789,345,847,404),(1303,41,NULL,3,787,344,848,405),(1304,41,NULL,3,441,293,476,327),(1305,41,NULL,3,850,331,896,372),(1306,41,NULL,3,530,277,567,306),(1307,41,NULL,3,573,290,613,320),(1308,41,NULL,3,388,299,431,334),(1309,41,NULL,3,520,335,567,365),(1310,41,NULL,8,736,407,822,463),(1311,41,NULL,8,413,353,478,396),(1312,42,NULL,3,521,361,592,416),(1313,42,NULL,3,594,363,685,423),(1314,42,NULL,8,473,368,529,412),(1315,42,NULL,1,469,319,520,367),(1316,42,NULL,8,401,362,464,415),(1317,42,NULL,5,159,334,232,505),(1318,42,NULL,1,334,352,400,414),(1319,42,NULL,5,122,338,215,506),(1320,42,NULL,3,618,333,687,373),(1321,42,NULL,3,382,325,431,365),(1322,42,NULL,1,789,345,849,405),(1323,42,NULL,3,887,363,955,424),(1324,42,NULL,3,605,313,647,354),(1325,42,NULL,3,566,323,615,366),(1326,42,NULL,3,721,328,774,368),(1327,42,NULL,1,796,304,826,332),(1328,42,NULL,1,430,307,468,338),(1329,42,NULL,3,248,357,323,418),(1330,42,NULL,3,386,299,432,338),(1331,42,NULL,3,510,297,548,333),(1332,42,NULL,5,250,272,301,352),(1333,42,NULL,3,843,328,889,373),(1334,42,NULL,1,826,300,861,332),(1335,42,NULL,3,530,277,567,306),(1336,42,NULL,3,577,289,615,320),(1337,42,NULL,3,566,285,595,313),(1338,42,NULL,1,376,273,422,308),(1339,42,NULL,3,634,275,681,309),(1340,42,NULL,3,122,322,176,364),(1341,42,NULL,3,745,306,789,334),(1342,43,NULL,3,524,361,593,416),(1343,43,NULL,3,595,364,685,424),(1344,43,NULL,3,253,359,324,419),(1345,43,NULL,1,467,317,523,368),(1346,43,NULL,8,399,366,466,415),(1347,43,NULL,5,117,335,208,505),(1348,43,NULL,1,334,353,401,415),(1349,43,NULL,8,468,372,530,414),(1350,43,NULL,3,382,326,431,365),(1351,43,NULL,3,619,333,686,372),(1352,43,NULL,1,788,344,849,407),(1353,43,NULL,5,159,333,231,501),(1354,43,NULL,1,796,303,828,334),(1355,43,NULL,3,580,290,619,321),(1356,43,NULL,3,529,277,567,306),(1357,43,NULL,3,387,299,433,338),(1358,43,NULL,3,605,313,646,354),(1359,43,NULL,1,771,320,809,364),(1360,43,NULL,3,159,301,202,335),(1361,43,NULL,3,721,327,774,369),(1362,43,NULL,1,161,337,222,403),(1363,43,NULL,3,889,365,954,422),(1364,43,NULL,1,432,308,469,338),(1365,43,NULL,3,567,283,597,309),(1366,43,NULL,3,10,403,108,463),(1367,43,NULL,3,848,331,890,374),(1368,43,NULL,3,0,315,34,359),(1369,43,NULL,1,377,274,421,308),(1370,44,NULL,3,524,361,593,416),(1371,44,NULL,3,594,363,685,423),(1372,44,NULL,8,401,364,463,415),(1373,44,NULL,3,253,360,325,419),(1374,44,NULL,8,464,372,527,415),(1375,44,NULL,3,618,325,684,371),(1376,44,NULL,3,381,326,431,365),(1377,44,NULL,1,334,353,401,414),(1378,44,NULL,1,465,320,523,369),(1379,44,NULL,8,8,406,111,464),(1380,44,NULL,1,788,345,848,405),(1381,44,NULL,3,770,323,811,366),(1382,44,NULL,3,849,330,892,373),(1383,44,NULL,3,529,277,567,306),(1384,44,NULL,3,578,288,615,320),(1385,44,NULL,1,794,304,832,335),(1386,44,NULL,3,386,300,432,337),(1387,44,NULL,3,720,327,771,368),(1388,44,NULL,3,605,314,645,358),(1389,44,NULL,3,158,300,204,334),(1390,44,NULL,3,28,336,86,385),(1391,44,NULL,3,226,301,287,350),(1392,44,NULL,3,886,366,950,423),(1393,44,NULL,3,566,322,615,366),(1394,44,NULL,3,0,315,35,359),(1395,44,NULL,3,746,307,787,335),(1396,44,NULL,3,521,334,566,364),(1397,44,NULL,3,430,308,469,338),(1398,44,NULL,1,161,338,221,402),(1399,45,NULL,3,525,361,593,416),(1400,45,NULL,3,594,362,685,422),(1401,45,NULL,8,404,365,464,415),(1402,45,NULL,8,10,411,113,465),(1403,45,NULL,3,255,360,324,418),(1404,45,NULL,8,468,373,528,412),(1405,45,NULL,3,616,325,683,372),(1406,45,NULL,1,463,327,519,368),(1407,45,NULL,3,380,327,431,365),(1408,45,NULL,3,850,330,893,373),(1409,45,NULL,3,329,356,404,418),(1410,45,NULL,3,528,277,567,306),(1411,45,NULL,3,770,324,811,366),(1412,45,NULL,3,566,322,615,366),(1413,45,NULL,3,787,345,849,406),(1414,45,NULL,1,792,302,829,335),(1415,45,NULL,3,888,365,952,424),(1416,45,NULL,3,570,290,613,320),(1417,45,NULL,3,159,300,202,332),(1418,45,NULL,3,605,314,645,359),(1419,45,NULL,3,721,326,773,367),(1420,45,NULL,3,26,340,77,382),(1421,45,NULL,1,163,338,222,403),(1422,45,NULL,8,319,333,382,362),(1423,45,NULL,8,333,357,402,415),(1424,45,NULL,1,374,273,421,309),(1425,45,NULL,8,27,363,102,413),(1426,45,NULL,3,0,315,35,358),(1427,45,NULL,3,427,309,468,338),(1428,45,NULL,8,0,480,56,542),(1429,45,NULL,3,231,297,282,345),(1430,46,NULL,3,524,361,594,416),(1431,46,NULL,8,400,363,464,415),(1432,46,NULL,3,253,360,324,420),(1433,46,NULL,1,595,351,680,419),(1434,46,NULL,8,15,411,114,464),(1435,46,NULL,3,623,327,681,367),(1436,46,NULL,3,378,325,431,365),(1437,46,NULL,8,466,369,528,413),(1438,46,NULL,1,464,329,521,367),(1439,46,NULL,3,772,325,812,364),(1440,46,NULL,3,849,330,896,374),(1441,46,NULL,1,889,365,952,423),(1442,46,NULL,3,566,323,615,366),(1443,46,NULL,3,605,311,645,355),(1444,46,NULL,8,0,483,59,542),(1445,46,NULL,1,792,302,828,334),(1446,46,NULL,3,745,305,789,335),(1447,46,NULL,8,316,336,375,363),(1448,46,NULL,3,577,291,613,321),(1449,46,NULL,3,332,353,401,415),(1450,46,NULL,1,789,347,848,404),(1451,46,NULL,3,428,309,468,339),(1452,46,NULL,3,473,310,509,337),(1453,46,NULL,8,31,363,102,413),(1454,46,NULL,3,0,316,35,361),(1455,46,NULL,3,110,294,152,329),(1456,46,NULL,3,721,326,773,366),(1457,46,NULL,8,0,388,44,457),(1458,46,NULL,3,825,300,858,332),(1459,46,NULL,3,385,302,432,338),(1460,46,NULL,3,787,345,848,405),(1461,46,NULL,1,334,352,401,414),(1462,47,NULL,3,591,357,683,422),(1463,47,NULL,3,522,360,593,417),(1464,47,NULL,8,400,363,465,415),(1465,47,NULL,3,254,360,324,419),(1466,47,NULL,1,463,328,521,367),(1467,47,NULL,3,335,353,401,415),(1468,47,NULL,3,380,325,433,365),(1469,47,NULL,3,622,327,683,372),(1470,47,NULL,3,566,323,615,366),(1471,47,NULL,8,468,369,528,413),(1472,47,NULL,3,850,330,897,374),(1473,47,NULL,3,604,313,645,357),(1474,47,NULL,3,769,325,810,365),(1475,47,NULL,3,578,289,617,322),(1476,47,NULL,3,38,394,113,459),(1477,47,NULL,1,794,302,830,335),(1478,47,NULL,3,887,366,952,424),(1479,47,NULL,1,834,302,871,335),(1480,47,NULL,3,787,347,849,407),(1481,47,NULL,1,789,347,848,405),(1482,47,NULL,3,159,301,203,333),(1483,47,NULL,3,385,298,432,337),(1484,47,NULL,3,113,351,187,423),(1485,47,NULL,3,111,297,148,328),(1486,47,NULL,3,228,296,282,345),(1487,47,NULL,3,71,327,124,362),(1488,47,NULL,4,112,352,192,426),(1489,47,NULL,3,25,338,81,385),(1490,48,NULL,3,522,360,592,416),(1491,48,NULL,3,598,364,689,423),(1492,48,NULL,8,401,363,465,415),(1493,48,NULL,3,255,360,325,419),(1494,48,NULL,1,463,328,520,367),(1495,48,NULL,3,334,354,401,416),(1496,48,NULL,3,619,332,684,369),(1497,48,NULL,1,887,366,954,421),(1498,48,NULL,3,566,323,616,367),(1499,48,NULL,8,467,370,528,413),(1500,48,NULL,1,604,311,644,355),(1501,48,NULL,3,850,329,897,373),(1502,48,NULL,3,107,351,186,426),(1503,48,NULL,3,788,347,848,406),(1504,48,NULL,3,770,325,811,365),(1505,48,NULL,3,380,325,431,365),(1506,48,NULL,1,834,302,870,333),(1507,48,NULL,1,476,280,511,309),(1508,48,NULL,3,21,402,109,463),(1509,48,NULL,1,445,292,479,322),(1510,48,NULL,3,527,277,566,306),(1511,48,NULL,1,550,302,588,338),(1512,48,NULL,3,26,337,80,382),(1513,48,NULL,3,227,299,285,347),(1514,48,NULL,1,793,303,826,331),(1515,48,NULL,3,518,332,568,365),(1516,48,NULL,3,721,325,772,367),(1517,48,NULL,3,386,303,431,336),(1518,48,NULL,3,161,301,204,333),(1519,48,NULL,3,429,310,467,339),(1520,49,NULL,3,594,361,688,423),(1521,49,NULL,8,400,362,465,415),(1522,49,NULL,3,520,363,590,418),(1523,49,NULL,8,470,366,531,412),(1524,49,NULL,3,336,355,401,415),(1525,49,NULL,3,257,361,325,419),(1526,49,NULL,1,464,328,519,368),(1527,49,NULL,3,379,325,431,365),(1528,49,NULL,3,850,330,897,373),(1529,49,NULL,1,787,346,848,406),(1530,49,NULL,3,528,277,567,307),(1531,49,NULL,3,769,325,811,365),(1532,49,NULL,3,616,332,684,369),(1533,49,NULL,1,834,302,870,334),(1534,49,NULL,8,518,334,568,366),(1535,49,NULL,8,23,406,116,463),(1536,49,NULL,3,386,305,433,338),(1537,49,NULL,3,568,323,615,367),(1538,49,NULL,3,805,324,852,366),(1539,49,NULL,1,793,303,828,333),(1540,49,NULL,3,605,313,649,354),(1541,49,NULL,3,471,312,510,338),(1542,49,NULL,3,568,290,611,320),(1543,49,NULL,3,72,327,124,363),(1544,49,NULL,3,108,351,186,424),(1545,49,NULL,8,509,308,554,338),(1546,49,NULL,3,564,284,607,317),(1547,49,NULL,3,22,404,110,463),(1548,49,NULL,3,25,338,78,381),(1549,49,NULL,8,316,335,376,361),(1550,49,NULL,3,265,299,313,337),(1551,50,NULL,3,521,362,590,417),(1552,50,NULL,3,592,364,690,423),(1553,50,NULL,8,401,363,464,415),(1554,50,NULL,3,254,359,325,419),(1555,50,NULL,8,463,370,528,415),(1556,50,NULL,1,464,327,519,368),(1557,50,NULL,3,617,325,682,369),(1558,50,NULL,3,379,325,430,366),(1559,50,NULL,3,329,353,402,418),(1560,50,NULL,1,888,365,953,420),(1561,50,NULL,3,850,330,898,373),(1562,50,NULL,3,770,325,811,365),(1563,50,NULL,1,832,302,869,334),(1564,50,NULL,1,793,303,829,334),(1565,50,NULL,3,527,277,567,307),(1566,50,NULL,3,470,308,510,337),(1567,50,NULL,8,519,334,568,365),(1568,50,NULL,3,568,324,616,366),(1569,50,NULL,8,508,309,554,339),(1570,50,NULL,3,787,346,849,407),(1571,50,NULL,3,106,351,187,426),(1572,50,NULL,1,788,347,849,405),(1573,50,NULL,3,386,308,433,340),(1574,50,NULL,3,577,292,613,322),(1575,50,NULL,3,114,299,152,330),(1576,50,NULL,3,18,402,110,462),(1577,50,NULL,3,607,313,647,357),(1578,50,NULL,3,71,326,126,363),(1579,50,NULL,3,432,309,470,339),(1580,51,NULL,3,526,363,591,416),(1581,51,NULL,3,255,360,324,420),(1582,51,NULL,3,591,365,690,424),(1583,51,NULL,8,399,365,469,416),(1584,51,NULL,3,471,356,534,413),(1585,51,NULL,1,463,328,518,367),(1586,51,NULL,3,618,333,683,370),(1587,51,NULL,3,334,357,403,416),(1588,51,NULL,3,382,327,431,366),(1589,51,NULL,3,850,329,897,373),(1590,51,NULL,1,889,365,952,422),(1591,51,NULL,8,22,404,118,463),(1592,51,NULL,3,769,326,811,365),(1593,51,NULL,3,566,323,616,367),(1594,51,NULL,3,385,303,433,339),(1595,51,NULL,1,792,302,830,335),(1596,51,NULL,3,786,346,848,406),(1597,51,NULL,3,605,312,645,354),(1598,51,NULL,3,526,276,567,307),(1599,51,NULL,8,509,308,554,337),(1600,51,NULL,8,520,335,566,365),(1601,51,NULL,3,161,301,206,332),(1602,51,NULL,3,563,282,601,311),(1603,51,NULL,1,835,303,872,334),(1604,51,NULL,3,576,293,612,320),(1605,51,NULL,3,121,329,173,365),(1606,51,NULL,3,26,338,80,380),(1607,51,NULL,3,202,283,233,312),(1608,51,NULL,8,0,484,65,542),(1609,52,NULL,3,521,363,590,417),(1610,52,NULL,3,470,361,526,413),(1611,52,NULL,1,261,349,326,414),(1612,52,NULL,3,593,366,689,424),(1613,52,NULL,8,400,364,465,416),(1614,52,NULL,3,618,329,682,370),(1615,52,NULL,3,333,352,401,416),(1616,52,NULL,1,463,329,519,367),(1617,52,NULL,1,604,309,645,352),(1618,52,NULL,3,381,327,432,366),(1619,52,NULL,3,770,326,811,365),(1620,52,NULL,3,566,282,610,318),(1621,52,NULL,3,850,332,895,373),(1622,52,NULL,1,792,303,829,335),(1623,52,NULL,3,386,302,433,338),(1624,52,NULL,1,787,346,847,405),(1625,52,NULL,1,111,351,183,416),(1626,52,NULL,1,889,367,951,421),(1627,52,NULL,8,14,403,117,464),(1628,52,NULL,1,566,325,616,367),(1629,52,NULL,3,528,277,566,307),(1630,52,NULL,1,837,303,870,334),(1631,52,NULL,3,68,324,120,362),(1632,52,NULL,1,448,291,478,321),(1633,52,NULL,3,0,358,38,408),(1634,52,NULL,3,432,309,469,338),(1635,52,NULL,8,522,336,565,365),(1636,52,NULL,3,111,290,141,323),(1637,52,NULL,1,375,273,421,308),(1638,53,NULL,3,520,363,590,417),(1639,53,NULL,3,469,361,525,413),(1640,53,NULL,3,593,365,689,423),(1641,53,NULL,8,400,364,465,416),(1642,53,NULL,3,620,327,683,370),(1643,53,NULL,3,255,351,324,419),(1644,53,NULL,8,16,404,113,461),(1645,53,NULL,1,465,329,520,366),(1646,53,NULL,3,381,327,432,366),(1647,53,NULL,3,332,354,400,415),(1648,53,NULL,3,770,326,812,366),(1649,53,NULL,3,787,345,848,404),(1650,53,NULL,3,562,282,603,314),(1651,53,NULL,1,790,302,830,335),(1652,53,NULL,3,161,299,205,333),(1653,53,NULL,1,567,324,614,368),(1654,53,NULL,8,522,333,572,366),(1655,53,NULL,3,719,325,774,368),(1656,53,NULL,3,385,301,433,338),(1657,53,NULL,3,528,277,566,307),(1658,53,NULL,3,887,364,953,424),(1659,53,NULL,8,36,361,108,412),(1660,53,NULL,3,521,332,571,365),(1661,53,NULL,3,856,333,897,374),(1662,53,NULL,1,836,302,870,336),(1663,53,NULL,8,508,308,553,339),(1664,53,NULL,3,575,294,612,321),(1665,53,NULL,3,604,314,644,356),(1666,53,NULL,3,431,311,467,338),(1667,53,NULL,1,375,273,421,308),(1668,53,NULL,3,441,291,477,325),(1669,53,NULL,1,754,304,791,333),(1670,53,NULL,3,722,280,754,311),(1671,53,NULL,3,0,363,38,410),(1672,54,NULL,3,521,363,590,416),(1673,54,NULL,3,593,365,689,423),(1674,54,NULL,3,470,361,525,413),(1675,54,NULL,3,254,354,325,419),(1676,54,NULL,3,615,329,682,371),(1677,54,NULL,1,567,323,615,367),(1678,54,NULL,8,400,364,465,416),(1679,54,NULL,8,7,406,111,461),(1680,54,NULL,3,333,352,400,414),(1681,54,NULL,3,770,325,812,365),(1682,54,NULL,3,380,327,431,366),(1683,54,NULL,1,466,330,520,366),(1684,54,NULL,1,791,303,829,335),(1685,54,NULL,3,160,299,205,333),(1686,54,NULL,1,836,303,870,335),(1687,54,NULL,3,720,325,774,367),(1688,54,NULL,1,786,346,847,406),(1689,54,NULL,3,385,301,433,337),(1690,54,NULL,3,786,345,848,405),(1691,54,NULL,1,754,305,791,333),(1692,54,NULL,3,562,285,606,317),(1693,54,NULL,3,567,294,610,321),(1694,54,NULL,3,528,277,566,307),(1695,54,NULL,3,845,332,892,374),(1696,54,NULL,3,120,351,185,420),(1697,54,NULL,3,71,327,122,364),(1698,54,NULL,3,605,313,647,356),(1699,54,NULL,8,509,308,552,337),(1700,54,NULL,8,30,362,107,412),(1701,54,NULL,3,888,365,952,423),(1702,54,NULL,3,861,332,898,369),(1703,54,NULL,3,521,334,567,365),(1704,54,NULL,8,0,483,58,542),(1705,54,NULL,1,740,290,771,322),(1706,55,NULL,3,521,363,590,417),(1707,55,NULL,3,337,355,403,415),(1708,55,NULL,3,593,364,688,423),(1709,55,NULL,3,470,361,525,413),(1710,55,NULL,8,401,364,465,416),(1711,55,NULL,3,259,356,324,415),(1712,55,NULL,3,619,324,686,367),(1713,55,NULL,3,382,327,432,365),(1714,55,NULL,3,522,277,565,307),(1715,55,NULL,3,103,351,181,426),(1716,55,NULL,1,567,322,614,367),(1717,55,NULL,1,790,302,828,333),(1718,55,NULL,3,770,325,813,366),(1719,55,NULL,3,786,344,848,406),(1720,55,NULL,8,20,406,112,462),(1721,55,NULL,1,466,330,521,365),(1722,55,NULL,3,844,333,891,374),(1723,55,NULL,1,834,302,870,333),(1724,55,NULL,3,161,301,204,333),(1725,55,NULL,3,387,299,432,337),(1726,55,NULL,3,719,323,769,367),(1727,55,NULL,3,605,314,645,358),(1728,55,NULL,3,71,326,121,362),(1729,55,NULL,8,107,443,210,501),(1730,55,NULL,3,202,283,234,312),(1731,55,NULL,1,889,366,951,422),(1732,55,NULL,3,561,283,602,314),(1733,55,NULL,8,0,398,31,454),(1734,55,NULL,3,520,332,565,364),(1735,55,NULL,8,0,478,57,542),(1736,55,NULL,3,36,316,77,351),(1737,55,NULL,3,545,315,584,356),(1738,55,NULL,3,864,333,899,365),(1739,55,NULL,8,229,302,283,343),(1740,55,NULL,3,573,294,612,322),(1741,55,NULL,3,71,302,115,333),(1742,55,NULL,8,315,336,375,363),(1743,56,NULL,3,335,353,401,415),(1744,56,NULL,3,522,362,590,417),(1745,56,NULL,3,259,357,324,416),(1746,56,NULL,3,470,361,527,415),(1747,56,NULL,3,593,364,689,424),(1748,56,NULL,8,399,364,470,417),(1749,56,NULL,3,616,329,684,368),(1750,56,NULL,8,6,404,109,460),(1751,56,NULL,3,779,351,844,405),(1752,56,NULL,1,464,328,519,367),(1753,56,NULL,1,567,323,614,368),(1754,56,NULL,3,381,327,433,366),(1755,56,NULL,3,563,284,608,319),(1756,56,NULL,3,526,276,566,307),(1757,56,NULL,3,770,326,812,363),(1758,56,NULL,1,888,364,953,420),(1759,56,NULL,3,386,302,432,338),(1760,56,NULL,3,720,323,768,366),(1761,56,NULL,1,834,303,869,333),(1762,56,NULL,8,0,486,61,542),(1763,56,NULL,1,631,274,672,309),(1764,56,NULL,1,600,311,637,355),(1765,56,NULL,3,843,333,887,374),(1766,56,NULL,1,793,302,827,333),(1767,56,NULL,3,160,300,205,333),(1768,56,NULL,8,32,362,103,413),(1769,56,NULL,3,124,325,177,363),(1770,56,NULL,3,228,301,284,343),(1771,56,NULL,8,509,308,553,337),(1772,56,NULL,3,71,303,115,334),(1773,56,NULL,1,0,316,36,360),(1774,56,NULL,3,438,292,477,329),(1775,56,NULL,3,203,283,232,312),(1776,56,NULL,3,71,327,121,362),(1777,57,NULL,3,335,353,401,415),(1778,57,NULL,3,595,364,685,422),(1779,57,NULL,3,521,362,590,416),(1780,57,NULL,3,471,360,526,413),(1781,57,NULL,3,259,358,324,416),(1782,57,NULL,8,399,365,469,417),(1783,57,NULL,1,567,323,614,367),(1784,57,NULL,3,779,352,844,405),(1785,57,NULL,3,379,326,431,366),(1786,57,NULL,8,7,404,111,460),(1787,57,NULL,3,771,326,812,364),(1788,57,NULL,1,467,331,521,365),(1789,57,NULL,3,616,333,683,368),(1790,57,NULL,3,564,285,607,319),(1791,57,NULL,3,720,326,769,368),(1792,57,NULL,1,834,303,870,334),(1793,57,NULL,1,793,303,829,333),(1794,57,NULL,1,889,364,956,420),(1795,57,NULL,1,600,311,638,353),(1796,57,NULL,3,515,299,557,334),(1797,57,NULL,1,376,274,419,307),(1798,57,NULL,3,842,333,886,374),(1799,57,NULL,3,427,310,466,339),(1800,57,NULL,3,125,325,179,364),(1801,57,NULL,1,867,318,904,361),(1802,57,NULL,3,385,305,431,338),(1803,57,NULL,3,741,400,823,461),(1804,57,NULL,8,0,398,21,454),(1805,57,NULL,3,106,355,178,422),(1806,58,NULL,3,523,362,590,417),(1807,58,NULL,3,469,361,527,415),(1808,58,NULL,3,335,353,401,415),(1809,58,NULL,3,616,330,680,369),(1810,58,NULL,3,260,358,325,416),(1811,58,NULL,3,403,365,466,415),(1812,58,NULL,3,592,366,683,422),(1813,58,NULL,1,467,331,521,365),(1814,58,NULL,3,778,352,844,406),(1815,58,NULL,3,719,326,772,369),(1816,58,NULL,1,567,323,615,367),(1817,58,NULL,3,772,325,812,364),(1818,58,NULL,8,5,404,111,460),(1819,58,NULL,3,381,327,428,367),(1820,58,NULL,3,161,332,233,391),(1821,58,NULL,3,568,292,609,320),(1822,58,NULL,1,473,280,506,308),(1823,58,NULL,1,600,311,638,352),(1824,58,NULL,3,562,283,603,316),(1825,58,NULL,1,834,303,866,333),(1826,58,NULL,3,888,364,956,424),(1827,58,NULL,3,845,328,888,373),(1828,58,NULL,8,509,308,556,338),(1829,58,NULL,4,162,333,232,390),(1830,58,NULL,3,805,327,850,364),(1831,58,NULL,3,742,398,822,460),(1832,58,NULL,3,69,326,121,363),(1833,58,NULL,1,441,290,476,323),(1834,58,NULL,3,386,308,431,339),(1835,58,NULL,3,428,310,468,339),(1836,58,NULL,1,793,305,828,334),(1837,58,NULL,3,876,325,915,364),(1838,59,NULL,3,591,353,669,416),(1839,59,NULL,3,522,362,590,417),(1840,59,NULL,3,470,361,526,415),(1841,59,NULL,3,259,359,325,416),(1842,59,NULL,3,625,322,685,367),(1843,59,NULL,3,334,357,401,415),(1844,59,NULL,3,778,352,844,405),(1845,59,NULL,8,400,364,470,417),(1846,59,NULL,3,720,326,771,368),(1847,59,NULL,3,381,327,431,365),(1848,59,NULL,1,466,331,521,365),(1849,59,NULL,3,772,325,813,364),(1850,59,NULL,1,567,323,615,367),(1851,59,NULL,1,439,289,477,329),(1852,59,NULL,3,567,289,611,318),(1853,59,NULL,1,833,302,869,334),(1854,59,NULL,3,849,330,894,372),(1855,59,NULL,8,14,403,110,465),(1856,59,NULL,3,562,282,603,314),(1857,59,NULL,8,509,308,557,338),(1858,59,NULL,3,888,365,955,424),(1859,59,NULL,3,28,341,72,387),(1860,59,NULL,3,385,305,432,339),(1861,59,NULL,3,163,332,231,395),(1862,59,NULL,1,471,279,503,307),(1863,59,NULL,3,0,310,38,358),(1864,59,NULL,8,319,333,382,363),(1865,59,NULL,3,807,322,851,365),(1866,59,NULL,3,630,276,670,308),(1867,59,NULL,3,526,276,566,306),(1868,59,NULL,3,161,303,206,335),(1869,60,NULL,3,591,361,665,417),(1870,60,NULL,3,521,363,590,417),(1871,60,NULL,3,468,360,526,413),(1872,60,NULL,3,620,324,684,366),(1873,60,NULL,3,257,358,325,417),(1874,60,NULL,3,435,293,477,335),(1875,60,NULL,8,399,365,471,417),(1876,60,NULL,3,778,352,843,405),(1877,60,NULL,3,380,327,431,366),(1878,60,NULL,1,466,331,521,366),(1879,60,NULL,3,771,326,813,364),(1880,60,NULL,3,578,289,618,319),(1881,60,NULL,1,330,357,398,415),(1882,60,NULL,3,718,324,767,368),(1883,60,NULL,3,847,328,892,374),(1884,60,NULL,1,834,303,869,334),(1885,60,NULL,8,319,335,381,363),(1886,60,NULL,8,509,308,556,338),(1887,60,NULL,3,805,327,849,365),(1888,60,NULL,3,385,305,432,339),(1889,60,NULL,3,37,313,80,352),(1890,60,NULL,3,164,301,206,335),(1891,60,NULL,3,562,282,597,314),(1892,60,NULL,3,527,276,566,307),(1893,60,NULL,1,889,364,953,423),(1894,60,NULL,1,567,323,615,367),(1895,60,NULL,1,0,313,37,357),(1896,60,NULL,3,601,314,638,354),(1897,61,NULL,1,590,351,669,418),(1898,61,NULL,3,522,362,591,417),(1899,61,NULL,8,403,364,470,417),(1900,61,NULL,3,470,360,528,414),(1901,61,NULL,3,332,354,400,416),(1902,61,NULL,3,778,351,844,407),(1903,61,NULL,3,634,326,689,370),(1904,61,NULL,3,719,324,766,368),(1905,61,NULL,3,381,326,431,366),(1906,61,NULL,3,525,276,566,306),(1907,61,NULL,1,568,323,615,367),(1908,61,NULL,3,253,353,322,415),(1909,61,NULL,8,508,309,557,339),(1910,61,NULL,3,573,289,615,320),(1911,61,NULL,1,0,313,38,358),(1912,61,NULL,8,464,330,523,367),(1913,61,NULL,8,6,404,106,461),(1914,61,NULL,1,465,331,521,366),(1915,61,NULL,8,522,335,566,366),(1916,61,NULL,3,848,329,891,373),(1917,61,NULL,1,835,302,868,333),(1918,61,NULL,3,808,328,852,366),(1919,61,NULL,1,771,323,809,365),(1920,62,NULL,3,521,362,591,417),(1921,62,NULL,3,589,352,671,420),(1922,62,NULL,3,332,355,402,418),(1923,62,NULL,3,470,361,526,415),(1924,62,NULL,8,403,363,469,416),(1925,62,NULL,3,779,350,843,405),(1926,62,NULL,3,624,327,685,372),(1927,62,NULL,3,381,320,434,365),(1928,62,NULL,3,719,324,767,369),(1929,62,NULL,3,257,359,321,415),(1930,62,NULL,8,6,408,108,464),(1931,62,NULL,1,795,303,830,336),(1932,62,NULL,1,466,331,521,365),(1933,62,NULL,3,849,327,893,372),(1934,62,NULL,8,509,309,557,339),(1935,62,NULL,1,767,319,809,364),(1936,62,NULL,1,470,279,503,307),(1937,62,NULL,3,563,292,612,320),(1938,62,NULL,1,567,323,615,367),(1939,62,NULL,3,604,312,645,354),(1940,62,NULL,3,37,313,82,351),(1941,62,NULL,8,464,330,523,366),(1942,62,NULL,3,562,283,604,314),(1943,62,NULL,1,0,313,38,358),(1944,62,NULL,3,808,325,852,366),(1945,62,NULL,3,741,395,823,461),(1946,62,NULL,3,440,305,478,334),(1947,62,NULL,3,888,363,955,423),(1948,63,NULL,8,470,367,532,414),(1949,63,NULL,3,522,362,590,417),(1950,63,NULL,3,332,355,402,418),(1951,63,NULL,3,594,364,691,423),(1952,63,NULL,8,400,363,473,418),(1953,63,NULL,3,623,330,687,372),(1954,63,NULL,3,779,351,845,405),(1955,63,NULL,3,252,358,322,416),(1956,63,NULL,3,768,322,809,365),(1957,63,NULL,3,720,325,768,367),(1958,63,NULL,8,6,406,113,464),(1959,63,NULL,3,114,350,185,419),(1960,63,NULL,8,462,330,521,369),(1961,63,NULL,1,794,303,830,335),(1962,63,NULL,3,847,329,893,374),(1963,63,NULL,8,509,309,557,339),(1964,63,NULL,3,431,301,474,338),(1965,63,NULL,3,526,277,566,306),(1966,63,NULL,3,382,316,435,363),(1967,63,NULL,1,464,331,522,367),(1968,63,NULL,3,572,292,615,320),(1969,63,NULL,8,520,334,569,366),(1970,63,NULL,3,807,327,852,366),(1971,63,NULL,3,605,311,648,355),(1972,63,NULL,1,837,304,869,335),(1973,63,NULL,3,888,362,955,423),(1974,63,NULL,3,629,275,673,310),(1975,63,NULL,8,92,442,208,501),(1976,63,NULL,3,741,395,824,461),(1977,63,NULL,3,471,311,511,339),(1978,63,NULL,3,747,305,788,335),(1979,64,NULL,3,520,361,590,417),(1980,64,NULL,3,469,359,524,413),(1981,64,NULL,8,403,365,471,416),(1982,64,NULL,3,593,364,691,424),(1983,64,NULL,3,335,354,401,417),(1984,64,NULL,3,624,330,688,372),(1985,64,NULL,3,777,349,845,405),(1986,64,NULL,1,465,331,521,366),(1987,64,NULL,8,16,407,112,464),(1988,64,NULL,3,849,328,893,373),(1989,64,NULL,3,382,324,432,365),(1990,64,NULL,3,257,359,321,415),(1991,64,NULL,3,720,324,769,370),(1992,64,NULL,3,321,315,385,359),(1993,64,NULL,3,112,352,180,417),(1994,64,NULL,3,385,301,433,339),(1995,64,NULL,3,565,324,618,367),(1996,64,NULL,1,0,313,35,358),(1997,64,NULL,8,508,309,556,340),(1998,64,NULL,3,569,290,612,320),(1999,64,NULL,3,887,364,952,423),(2000,64,NULL,8,464,330,523,367),(2001,64,NULL,8,112,443,213,501),(2002,64,NULL,3,30,316,74,351),(2003,65,NULL,3,520,362,591,417),(2004,65,NULL,3,470,360,524,413),(2005,65,NULL,3,595,364,690,423),(2006,65,NULL,3,334,357,400,416),(2007,65,NULL,3,777,352,846,404),(2008,65,NULL,3,623,331,685,371),(2009,65,NULL,8,401,367,469,417),(2010,65,NULL,3,771,323,810,364),(2011,65,NULL,3,719,324,768,368),(2012,65,NULL,3,258,358,323,415),(2013,65,NULL,3,848,328,889,372),(2014,65,NULL,1,465,329,520,365),(2015,65,NULL,3,382,327,430,365),(2016,65,NULL,1,566,323,615,368),(2017,65,NULL,8,11,406,110,464),(2018,65,NULL,3,887,324,939,369),(2019,65,NULL,8,509,309,555,339),(2020,65,NULL,8,520,334,568,366),(2021,65,NULL,3,115,351,185,419),(2022,65,NULL,3,562,283,602,313),(2023,65,NULL,3,742,391,825,460),(2024,65,NULL,3,887,362,955,423),(2025,65,NULL,1,470,280,505,308),(2026,65,NULL,3,386,302,433,339),(2027,65,NULL,1,840,304,869,336),(2028,65,NULL,3,322,316,382,355),(2029,65,NULL,3,527,277,565,306),(2030,65,NULL,3,202,283,234,311),(2031,65,NULL,3,606,312,647,355),(2032,65,NULL,8,100,441,203,501),(2033,65,NULL,3,161,304,204,334),(2034,65,NULL,3,434,309,472,339),(2035,65,NULL,3,808,329,851,367),(2036,66,NULL,3,520,362,591,416),(2037,66,NULL,3,468,361,523,413),(2038,66,NULL,3,624,332,687,372),(2039,66,NULL,8,594,365,691,422),(2040,66,NULL,3,778,352,844,405),(2041,66,NULL,1,567,321,619,367),(2042,66,NULL,3,329,354,400,417),(2043,66,NULL,8,400,365,471,416),(2044,66,NULL,3,262,353,323,413),(2045,66,NULL,3,720,324,769,370),(2046,66,NULL,3,382,328,429,366),(2047,66,NULL,8,14,410,113,464),(2048,66,NULL,3,887,364,952,422),(2049,66,NULL,1,467,330,520,365),(2050,66,NULL,3,771,325,810,365),(2051,66,NULL,1,606,311,645,353),(2052,66,NULL,1,793,303,825,336),(2053,66,NULL,3,849,327,892,373),(2054,66,NULL,3,562,280,603,313),(2055,66,NULL,8,510,309,554,338),(2056,66,NULL,3,116,351,178,422),(2057,66,NULL,3,385,303,433,338),(2058,66,NULL,3,161,300,202,333),(2059,66,NULL,8,521,334,568,365),(2060,66,NULL,3,434,309,474,338),(2061,66,NULL,3,567,282,610,319),(2062,66,NULL,3,232,301,280,341),(2063,66,NULL,3,321,317,383,357),(2064,66,NULL,3,904,330,958,368),(2065,66,NULL,1,627,272,674,309),(2066,66,NULL,3,806,331,849,368),(2067,66,NULL,1,0,311,35,357),(2068,66,NULL,8,466,330,523,366),(2069,66,NULL,3,527,277,565,307),(2070,66,NULL,3,202,283,234,312),(2071,66,NULL,8,106,444,205,501),(2072,66,NULL,8,0,484,55,542),(2073,67,NULL,3,520,363,590,415),(2074,67,NULL,3,469,361,523,412),(2075,67,NULL,3,593,361,688,422),(2076,67,NULL,8,399,366,469,417),(2077,67,NULL,3,778,352,845,405),(2078,67,NULL,3,382,328,430,366),(2079,67,NULL,3,257,357,323,416),(2080,67,NULL,3,719,325,767,368),(2081,67,NULL,3,625,331,687,373),(2082,67,NULL,8,10,408,114,465),(2083,67,NULL,3,332,353,399,417),(2084,67,NULL,3,890,360,959,423),(2085,67,NULL,1,467,331,521,365),(2086,67,NULL,3,386,302,433,337),(2087,67,NULL,3,530,277,568,306),(2088,67,NULL,1,568,324,616,367),(2089,67,NULL,8,522,336,569,365),(2090,67,NULL,1,631,274,672,308),(2091,67,NULL,1,868,318,904,359),(2092,67,NULL,1,770,323,809,364),(2093,67,NULL,1,472,283,508,312),(2094,67,NULL,3,159,301,204,335),(2095,67,NULL,3,565,288,608,318),(2096,67,NULL,3,161,340,228,404),(2097,67,NULL,8,0,480,58,542),(2098,67,NULL,8,465,330,522,366),(2099,67,NULL,3,852,326,895,372),(2100,67,NULL,3,109,352,187,425),(2101,67,NULL,3,320,316,384,356),(2102,68,NULL,3,520,363,591,416),(2103,68,NULL,3,467,361,524,413),(2104,68,NULL,8,399,362,470,416),(2105,68,NULL,3,260,358,323,414),(2106,68,NULL,3,625,332,687,371),(2107,68,NULL,8,594,366,691,423),(2108,68,NULL,3,890,363,960,422),(2109,68,NULL,3,780,354,845,404),(2110,68,NULL,3,720,324,771,371),(2111,68,NULL,3,382,327,431,366),(2112,68,NULL,1,429,301,470,337),(2113,68,NULL,8,521,336,568,365),(2114,68,NULL,1,466,331,521,366),(2115,68,NULL,3,526,277,567,306),(2116,68,NULL,3,848,328,894,373),(2117,68,NULL,3,773,330,814,364),(2118,68,NULL,8,513,307,555,336),(2119,68,NULL,1,792,302,827,333),(2120,68,NULL,3,594,368,691,423),(2121,68,NULL,8,6,407,114,465),(2122,68,NULL,3,806,330,851,366),(2123,68,NULL,3,386,299,433,337),(2124,68,NULL,1,601,313,641,353),(2125,68,NULL,8,511,321,555,349),(2126,68,NULL,3,333,353,399,415),(2127,68,NULL,8,465,330,523,367),(2128,68,NULL,3,159,300,203,333),(2129,68,NULL,1,332,353,398,414),(2130,68,NULL,1,621,280,656,316),(2131,68,NULL,3,229,298,289,346),(2132,68,NULL,3,583,297,615,321),(2133,68,NULL,3,565,287,597,311),(2134,68,NULL,3,904,330,955,368),(2135,68,NULL,3,109,352,184,423),(2136,68,NULL,3,742,398,823,461),(2137,68,NULL,1,646,288,684,319),(2138,69,NULL,8,467,367,534,416),(2139,69,NULL,8,401,362,469,416),(2140,69,NULL,3,780,353,845,404),(2141,69,NULL,3,522,363,590,417),(2142,69,NULL,3,891,361,960,423),(2143,69,NULL,3,257,358,324,415),(2144,69,NULL,3,719,325,770,370),(2145,69,NULL,3,627,334,686,370),(2146,69,NULL,3,382,327,431,366),(2147,69,NULL,8,519,333,569,366),(2148,69,NULL,1,427,303,469,338),(2149,69,NULL,3,848,329,894,372),(2150,69,NULL,8,463,329,521,367),(2151,69,NULL,3,526,276,567,306),(2152,69,NULL,1,793,303,827,333),(2153,69,NULL,1,331,352,399,414),(2154,69,NULL,3,591,355,666,419),(2155,69,NULL,3,114,352,190,428),(2156,69,NULL,8,524,363,590,415),(2157,69,NULL,3,902,329,955,367),(2158,69,NULL,8,511,308,555,338),(2159,69,NULL,1,464,331,521,367),(2160,69,NULL,8,9,406,113,465),(2161,69,NULL,3,159,300,204,334),(2162,69,NULL,3,806,330,852,367),(2163,69,NULL,3,323,317,384,358),(2164,69,NULL,8,773,333,817,366),(2165,69,NULL,1,836,305,871,335),(2166,69,NULL,3,473,311,514,338),(2167,69,NULL,8,512,324,559,352),(2168,69,NULL,3,298,342,353,392),(2169,69,NULL,8,0,479,56,542),(2170,70,NULL,3,520,362,591,416),(2171,70,NULL,3,401,357,468,415),(2172,70,NULL,3,623,329,685,371),(2173,70,NULL,3,467,360,524,414),(2174,70,NULL,3,891,361,960,423),(2175,70,NULL,3,780,353,845,403),(2176,70,NULL,3,593,366,687,423),(2177,70,NULL,3,718,324,768,368),(2178,70,NULL,1,465,331,519,366),(2179,70,NULL,3,259,358,326,416),(2180,70,NULL,3,333,353,400,415),(2181,70,NULL,3,848,329,893,372),(2182,70,NULL,8,12,406,109,464),(2183,70,NULL,3,383,329,433,366),(2184,70,NULL,3,903,331,958,370),(2185,70,NULL,8,521,334,569,365),(2186,70,NULL,1,794,303,826,332),(2187,70,NULL,3,570,288,608,318),(2188,70,NULL,1,428,302,465,338),(2189,70,NULL,8,512,308,555,337),(2190,70,NULL,1,469,280,506,309),(2191,70,NULL,1,375,273,421,308),(2192,70,NULL,3,160,300,205,333),(2193,70,NULL,3,527,276,568,307),(2194,70,NULL,3,230,300,287,342),(2195,70,NULL,3,387,311,429,340),(2196,70,NULL,8,512,324,552,354),(2197,70,NULL,3,807,331,851,366),(2198,70,NULL,3,742,398,822,460),(2199,70,NULL,3,113,353,185,419),(2200,70,NULL,3,320,316,383,356),(2201,70,NULL,3,110,298,149,331),(2202,71,NULL,3,402,348,472,413),(2203,71,NULL,3,521,362,590,417),(2204,71,NULL,3,622,326,683,369),(2205,71,NULL,3,468,360,525,414),(2206,71,NULL,3,593,365,686,423),(2207,71,NULL,1,465,331,519,366),(2208,71,NULL,3,780,353,845,403),(2209,71,NULL,3,888,361,959,424),(2210,71,NULL,3,253,358,328,420),(2211,71,NULL,3,525,276,568,307),(2212,71,NULL,3,717,324,768,368),(2213,71,NULL,8,10,406,112,463),(2214,71,NULL,3,772,327,812,364),(2215,71,NULL,3,849,330,893,372),(2216,71,NULL,3,384,330,433,367),(2217,71,NULL,1,428,303,465,337),(2218,71,NULL,8,519,335,568,365),(2219,71,NULL,1,794,302,826,332),(2220,71,NULL,1,332,352,398,414),(2221,71,NULL,1,470,280,506,309),(2222,71,NULL,8,511,309,554,338),(2223,71,NULL,8,0,482,59,542),(2224,71,NULL,3,159,301,206,335),(2225,71,NULL,3,387,300,432,336),(2226,71,NULL,3,903,330,958,368),(2227,71,NULL,3,109,297,149,330),(2228,71,NULL,3,569,286,609,318),(2229,71,NULL,3,806,330,851,366),(2230,71,NULL,3,387,311,430,340),(2231,71,NULL,1,835,303,871,333),(2232,71,NULL,3,744,394,824,461),(2233,71,NULL,1,0,313,37,357),(2234,71,NULL,3,154,342,224,408),(2235,71,NULL,3,332,352,400,416),(2236,72,NULL,3,520,362,590,417),(2237,72,NULL,3,403,347,474,413),(2238,72,NULL,3,623,328,683,370),(2239,72,NULL,3,591,365,686,423),(2240,72,NULL,3,889,361,959,424),(2241,72,NULL,3,467,361,524,414),(2242,72,NULL,3,781,353,845,403),(2243,72,NULL,3,260,361,325,417),(2244,72,NULL,1,465,331,520,366),(2245,72,NULL,3,718,325,768,368),(2246,72,NULL,3,848,329,892,372),(2247,72,NULL,1,601,309,639,352),(2248,72,NULL,3,331,351,403,417),(2249,72,NULL,3,382,329,432,367),(2250,72,NULL,1,792,304,826,333),(2251,72,NULL,8,510,309,556,341),(2252,72,NULL,3,527,274,568,307),(2253,72,NULL,3,901,330,958,368),(2254,72,NULL,1,467,280,504,311),(2255,72,NULL,1,618,284,650,315),(2256,72,NULL,3,568,324,617,367),(2257,72,NULL,3,320,316,384,358),(2258,72,NULL,8,465,330,523,367),(2259,72,NULL,3,385,309,432,339),(2260,72,NULL,1,835,304,870,334),(2261,72,NULL,8,519,334,567,365),(2262,72,NULL,8,473,310,515,338),(2263,72,NULL,3,743,393,823,460),(2264,72,NULL,3,161,302,205,335),(2265,72,NULL,3,109,297,150,330),(2266,72,NULL,3,566,284,605,315),(2267,72,NULL,3,724,281,752,306),(2268,72,NULL,3,808,331,852,368),(2269,72,NULL,1,642,288,676,320),(2270,72,NULL,1,332,351,401,414),(2271,72,NULL,1,428,303,468,337),(2272,72,NULL,1,105,355,178,420),(2273,72,NULL,8,0,481,58,542),(2274,72,NULL,3,155,342,223,408),(2275,72,NULL,3,574,294,610,318),(2276,73,NULL,3,400,355,472,414),(2277,73,NULL,3,469,361,524,415),(2278,73,NULL,3,780,353,844,402),(2279,73,NULL,3,576,363,653,415),(2280,73,NULL,3,889,360,959,422),(2281,73,NULL,3,623,333,686,373),(2282,73,NULL,3,520,362,585,416),(2283,73,NULL,1,466,331,520,366),(2284,73,NULL,3,384,329,432,366),(2285,73,NULL,1,432,303,469,338),(2286,73,NULL,3,255,358,323,416),(2287,73,NULL,1,603,313,640,353),(2288,73,NULL,3,119,321,168,360),(2289,73,NULL,3,718,325,768,368),(2290,73,NULL,1,102,352,177,420),(2291,73,NULL,3,569,324,616,364),(2292,73,NULL,1,791,303,828,334),(2293,73,NULL,8,520,335,568,365),(2294,73,NULL,8,510,309,555,341),(2295,73,NULL,3,161,300,204,334),(2296,73,NULL,3,386,300,434,337),(2297,73,NULL,3,900,330,956,368),(2298,73,NULL,3,743,391,822,460),(2299,73,NULL,3,566,284,606,316),(2300,73,NULL,1,337,352,401,415),(2301,73,NULL,3,721,280,753,307),(2302,73,NULL,3,807,331,853,368),(2303,73,NULL,3,850,332,895,372),(2304,73,NULL,8,13,404,117,464),(2305,73,NULL,1,446,290,475,319),(2306,73,NULL,1,835,303,871,334),(2307,73,NULL,1,38,353,102,410),(2308,73,NULL,1,0,314,35,359),(2309,73,NULL,3,152,344,222,410),(2310,73,NULL,1,752,304,790,336),(2311,73,NULL,1,474,289,508,313),(2312,74,NULL,3,401,352,472,413),(2313,74,NULL,3,468,361,524,415),(2314,74,NULL,3,781,353,845,403),(2315,74,NULL,3,889,361,959,423),(2316,74,NULL,1,464,331,519,366),(2317,74,NULL,3,383,329,431,366),(2318,74,NULL,8,558,370,643,420),(2319,74,NULL,8,558,372,624,417),(2320,74,NULL,3,627,336,685,372),(2321,74,NULL,1,335,352,400,414),(2322,74,NULL,3,768,322,809,365),(2323,74,NULL,1,154,346,220,419),(2324,74,NULL,3,257,358,323,416),(2325,74,NULL,3,520,362,578,412),(2326,74,NULL,3,718,325,766,369),(2327,74,NULL,3,386,300,433,338),(2328,74,NULL,1,603,312,639,353),(2329,74,NULL,3,565,286,608,317),(2330,74,NULL,8,521,335,569,365),(2331,74,NULL,1,794,302,826,333),(2332,74,NULL,3,568,324,619,367),(2333,74,NULL,1,447,290,477,320),(2334,74,NULL,3,161,302,205,335),(2335,74,NULL,8,17,405,116,464),(2336,74,NULL,1,475,289,507,315),(2337,74,NULL,3,742,394,823,461),(2338,74,NULL,3,721,278,756,303),(2339,74,NULL,3,850,334,892,372),(2340,74,NULL,8,570,370,652,414),(2341,74,NULL,3,74,326,119,360),(2342,74,NULL,3,109,296,153,329),(2343,74,NULL,3,321,317,384,358),(2344,74,NULL,1,431,304,469,338),(2345,74,NULL,8,510,308,555,338),(2346,74,NULL,3,0,364,35,408),(2347,74,NULL,3,616,284,648,316),(2348,74,NULL,3,118,322,169,360),(2349,74,NULL,8,0,479,59,542),(2350,74,NULL,3,0,394,26,453),(2351,74,NULL,8,521,361,574,414),(2352,74,NULL,3,65,302,108,331),(2353,75,NULL,3,400,353,474,414),(2354,75,NULL,3,576,360,652,416),(2355,75,NULL,3,890,361,959,424),(2356,75,NULL,3,780,353,845,403),(2357,75,NULL,1,466,318,521,365),(2358,75,NULL,1,471,353,524,412),(2359,75,NULL,3,521,362,582,414),(2360,75,NULL,3,623,333,687,373),(2361,75,NULL,3,259,360,326,417),(2362,75,NULL,3,383,329,432,366),(2363,75,NULL,3,717,325,766,369),(2364,75,NULL,1,602,311,639,351),(2365,75,NULL,3,768,324,810,365),(2366,75,NULL,3,321,315,384,357),(2367,75,NULL,3,119,320,168,363),(2368,75,NULL,3,385,300,433,338),(2369,75,NULL,1,794,302,826,332),(2370,75,NULL,8,523,335,568,365),(2371,75,NULL,3,428,308,466,338),(2372,75,NULL,8,0,485,65,542),(2373,75,NULL,3,569,324,618,365),(2374,75,NULL,1,334,351,401,415),(2375,75,NULL,3,334,351,401,416),(2376,75,NULL,3,744,392,823,460),(2377,76,NULL,3,400,351,473,414),(2378,76,NULL,3,592,363,683,423),(2379,76,NULL,3,520,362,588,417),(2380,76,NULL,3,888,363,959,424),(2381,76,NULL,3,780,353,845,403),(2382,76,NULL,1,472,354,524,413),(2383,76,NULL,3,256,360,325,417),(2384,76,NULL,3,718,324,769,368),(2385,76,NULL,8,8,404,110,464),(2386,76,NULL,3,622,335,684,369),(2387,76,NULL,1,457,317,520,365),(2388,76,NULL,1,791,303,828,334),(2389,76,NULL,3,383,329,431,365),(2390,76,NULL,1,163,293,205,333),(2391,76,NULL,3,859,330,902,372),(2392,76,NULL,3,111,295,154,330),(2393,76,NULL,3,320,315,384,355),(2394,76,NULL,3,742,394,822,460),(2395,76,NULL,8,0,476,60,542),(2396,77,NULL,3,588,356,668,420),(2397,77,NULL,3,401,351,472,413),(2398,77,NULL,3,520,363,588,418),(2399,77,NULL,3,890,363,959,424),(2400,77,NULL,3,780,353,845,403),(2401,77,NULL,3,472,357,529,412),(2402,77,NULL,3,718,325,768,368),(2403,77,NULL,3,258,358,324,415),(2404,77,NULL,3,624,332,684,372),(2405,77,NULL,1,458,318,519,366),(2406,77,NULL,3,384,329,431,365),(2407,77,NULL,3,236,297,294,340),(2408,77,NULL,1,793,302,827,333),(2409,77,NULL,3,337,352,399,415),(2410,77,NULL,8,773,334,817,365),(2411,77,NULL,3,521,333,568,364),(2412,77,NULL,8,17,403,120,464),(2413,77,NULL,3,72,326,122,360),(2414,77,NULL,3,386,312,430,341),(2415,77,NULL,3,854,334,901,373),(2416,77,NULL,3,119,322,170,362),(2417,77,NULL,3,749,306,790,335),(2418,77,NULL,3,566,283,604,313),(2419,77,NULL,3,100,350,174,421),(2420,78,NULL,3,591,360,673,422),(2421,78,NULL,3,518,362,590,418),(2422,78,NULL,3,401,353,471,414),(2423,78,NULL,3,467,359,520,412),(2424,78,NULL,3,780,354,845,403),(2425,78,NULL,3,889,361,959,423),(2426,78,NULL,3,623,332,683,370),(2427,78,NULL,3,259,359,326,417),(2428,78,NULL,1,458,318,522,367),(2429,78,NULL,3,383,329,432,366),(2430,78,NULL,3,335,352,400,415),(2431,78,NULL,3,234,294,296,342),(2432,78,NULL,8,772,334,816,365),(2433,78,NULL,1,793,302,828,333),(2434,78,NULL,3,158,297,200,332),(2435,78,NULL,3,565,284,604,313),(2436,78,NULL,8,20,403,118,464),(2437,78,NULL,3,322,316,384,356),(2438,78,NULL,3,719,322,769,367),(2439,79,NULL,3,518,362,589,417),(2440,79,NULL,3,401,353,473,414),(2441,79,NULL,3,469,360,522,413),(2442,79,NULL,3,890,363,959,424),(2443,79,NULL,1,462,323,517,369),(2444,79,NULL,3,781,355,845,404),(2445,79,NULL,3,621,331,682,370),(2446,79,NULL,3,589,366,684,425),(2447,79,NULL,1,519,325,565,366),(2448,79,NULL,3,259,359,325,415),(2449,79,NULL,3,718,324,768,368),(2450,79,NULL,8,10,404,110,461),(2451,79,NULL,8,855,345,904,372),(2452,79,NULL,3,383,329,431,365),(2453,79,NULL,3,567,324,616,368),(2454,79,NULL,3,131,322,178,363),(2455,79,NULL,3,324,317,383,356),(2456,79,NULL,3,235,293,284,339),(2457,79,NULL,3,160,296,202,330),(2458,79,NULL,3,110,292,149,330),(2459,79,NULL,1,793,302,826,331),(2460,79,NULL,3,807,332,853,367),(2461,79,NULL,1,0,314,35,359),(2462,79,NULL,1,473,285,508,313),(2463,79,NULL,3,905,331,957,369),(2464,79,NULL,8,772,334,816,365),(2465,79,NULL,3,73,327,124,360),(2466,79,NULL,1,334,352,400,414),(2467,80,NULL,3,519,363,589,417),(2468,80,NULL,3,402,352,471,413),(2469,80,NULL,3,468,359,523,414),(2470,80,NULL,3,336,352,402,415),(2471,80,NULL,3,890,362,959,423),(2472,80,NULL,3,621,332,682,370),(2473,80,NULL,3,780,355,845,403),(2474,80,NULL,1,454,316,519,368),(2475,80,NULL,3,255,359,328,418),(2476,80,NULL,3,589,366,684,425),(2477,80,NULL,3,235,293,297,341),(2478,80,NULL,8,770,333,814,364),(2479,80,NULL,8,9,404,111,462),(2480,80,NULL,3,384,329,431,366),(2481,80,NULL,3,626,275,671,310),(2482,80,NULL,1,793,302,827,333),(2483,80,NULL,3,606,313,649,355),(2484,80,NULL,1,568,324,613,368),(2485,80,NULL,3,565,284,606,316),(2486,80,NULL,3,744,392,822,460),(2487,80,NULL,3,319,316,384,358),(2488,80,NULL,8,854,340,898,372),(2489,80,NULL,3,119,323,174,363),(2490,80,NULL,3,159,298,202,332),(2491,80,NULL,3,203,282,236,317),(2492,80,NULL,3,72,325,126,361),(2493,81,NULL,3,402,352,470,413),(2494,81,NULL,3,518,362,590,417),(2495,81,NULL,3,467,359,523,414),(2496,81,NULL,3,334,352,403,416),(2497,81,NULL,3,616,322,686,371),(2498,81,NULL,1,461,320,520,368),(2499,81,NULL,3,889,362,959,423),(2500,81,NULL,1,777,340,841,404),(2501,81,NULL,3,260,359,325,415),(2502,81,NULL,3,590,367,682,419),(2503,81,NULL,1,437,306,471,340),(2504,81,NULL,1,568,324,612,368),(2505,81,NULL,3,383,329,431,366),(2506,81,NULL,1,792,302,828,335),(2507,81,NULL,3,852,331,896,373),(2508,81,NULL,8,18,404,118,465),(2509,81,NULL,3,566,283,606,314),(2510,81,NULL,1,472,287,509,317),(2511,81,NULL,1,0,312,35,360),(2512,81,NULL,3,159,297,203,332),(2513,81,NULL,3,624,274,677,313),(2514,81,NULL,1,837,305,871,336),(2515,81,NULL,3,321,316,383,359),(2516,82,NULL,3,401,351,469,413),(2517,82,NULL,3,519,362,589,417),(2518,82,NULL,3,334,354,403,417),(2519,82,NULL,3,465,356,522,414),(2520,82,NULL,3,619,324,685,371),(2521,82,NULL,1,459,320,520,367),(2522,82,NULL,3,261,359,327,415),(2523,82,NULL,3,889,360,957,422),(2524,82,NULL,1,777,340,841,403),(2525,82,NULL,1,426,308,463,339),(2526,82,NULL,3,590,367,681,419),(2527,82,NULL,1,605,311,646,357),(2528,82,NULL,3,518,323,571,366),(2529,82,NULL,1,565,279,607,316),(2530,82,NULL,1,566,324,616,367),(2531,82,NULL,3,383,329,431,366),(2532,82,NULL,3,901,330,956,368),(2533,82,NULL,3,234,293,281,339),(2534,82,NULL,1,791,301,830,334),(2535,82,NULL,3,70,326,123,362),(2536,82,NULL,3,102,352,176,416),(2537,82,NULL,3,161,298,201,332),(2538,82,NULL,3,119,321,172,362),(2539,82,NULL,3,34,315,79,352),(2540,82,NULL,3,623,274,676,311),(2541,82,NULL,1,473,287,508,313),(2542,82,NULL,8,18,405,120,464),(2543,82,NULL,3,852,335,898,373),(2544,82,NULL,3,717,324,773,369),(2545,82,NULL,3,321,316,383,358),(2546,82,NULL,3,0,396,29,453),(2547,82,NULL,1,0,312,37,360),(2548,83,NULL,3,403,351,468,412),(2549,83,NULL,3,335,354,403,416),(2550,83,NULL,3,522,362,589,417),(2551,83,NULL,3,466,351,525,412),(2552,83,NULL,3,618,320,689,371),(2553,83,NULL,3,589,365,684,424),(2554,83,NULL,1,460,319,521,366),(2555,83,NULL,3,260,358,326,415),(2556,83,NULL,3,893,362,959,423),(2557,83,NULL,3,521,324,569,364),(2558,83,NULL,3,383,330,431,366),(2559,83,NULL,3,788,349,855,406),(2560,83,NULL,3,123,320,175,363),(2561,83,NULL,1,567,324,614,367),(2562,83,NULL,3,27,350,98,410),(2563,83,NULL,3,241,291,297,340),(2564,83,NULL,3,429,307,469,338),(2565,83,NULL,3,566,281,608,317),(2566,83,NULL,8,769,334,815,364),(2567,83,NULL,8,13,401,109,463),(2568,83,NULL,3,73,293,121,332),(2569,83,NULL,3,117,292,155,327),(2570,83,NULL,3,141,281,176,315),(2571,83,NULL,3,35,313,80,351),(2572,83,NULL,3,529,276,567,308),(2573,83,NULL,8,718,325,770,367),(2574,83,NULL,1,375,272,422,307),(2575,83,NULL,3,69,326,124,362),(2576,83,NULL,3,161,299,204,334),(2577,83,NULL,3,321,316,383,358),(2578,84,NULL,3,402,351,472,413),(2579,84,NULL,3,895,360,960,423),(2580,84,NULL,3,589,364,685,425),(2581,84,NULL,3,527,361,589,415),(2582,84,NULL,3,467,355,534,414),(2583,84,NULL,8,769,334,816,364),(2584,84,NULL,8,783,356,859,406),(2585,84,NULL,3,335,354,402,416),(2586,84,NULL,3,617,327,687,374),(2587,84,NULL,3,263,360,326,416),(2588,84,NULL,3,518,323,570,364),(2589,84,NULL,1,458,321,519,367),(2590,84,NULL,3,791,306,826,335),(2591,84,NULL,3,562,282,605,313),(2592,84,NULL,3,29,350,97,409),(2593,84,NULL,8,718,324,770,367),(2594,84,NULL,8,807,333,849,364),(2595,84,NULL,3,70,325,122,362),(2596,84,NULL,8,11,400,110,463),(2597,84,NULL,3,527,275,568,307),(2598,84,NULL,3,383,329,431,367),(2599,84,NULL,3,241,290,297,340),(2600,84,NULL,3,120,322,171,361),(2601,84,NULL,3,111,293,151,330),(2602,84,NULL,1,567,323,613,367),(2603,84,NULL,1,0,316,38,358),(2604,84,NULL,3,99,352,179,418),(2605,85,NULL,3,400,350,470,414),(2606,85,NULL,3,466,359,527,414),(2607,85,NULL,3,521,362,590,418),(2608,85,NULL,3,894,360,960,423),(2609,85,NULL,3,334,353,402,416),(2610,85,NULL,8,769,333,816,365),(2611,85,NULL,3,590,365,683,424),(2612,85,NULL,8,784,357,862,405),(2613,85,NULL,3,260,359,325,415),(2614,85,NULL,1,459,322,521,369),(2615,85,NULL,3,521,323,572,365),(2616,85,NULL,1,429,305,467,338),(2617,85,NULL,3,619,332,685,372),(2618,85,NULL,8,808,333,850,365),(2619,85,NULL,3,382,328,431,366),(2620,85,NULL,1,74,292,113,331),(2621,85,NULL,3,563,283,604,312),(2622,85,NULL,3,241,293,284,339),(2623,85,NULL,2,566,323,614,366),(2624,85,NULL,1,620,273,670,315),(2625,85,NULL,8,717,324,770,368),(2626,85,NULL,1,164,298,204,334),(2627,85,NULL,3,528,276,568,307),(2628,85,NULL,1,837,304,872,335),(2629,85,NULL,1,0,314,37,359),(2630,85,NULL,3,321,315,383,359),(2631,85,NULL,1,376,273,421,307),(2632,85,NULL,3,792,305,829,334),(2633,85,NULL,3,718,324,769,367),(2634,85,NULL,3,100,353,176,422),(2635,85,NULL,8,6,392,109,463),(2636,86,NULL,3,401,350,472,413),(2637,86,NULL,3,467,360,528,414),(2638,86,NULL,3,591,364,682,423),(2639,86,NULL,3,335,352,402,416),(2640,86,NULL,3,521,364,590,418),(2641,86,NULL,1,462,319,521,368),(2642,86,NULL,3,893,362,959,423),(2643,86,NULL,3,522,326,571,365),(2644,86,NULL,3,262,361,326,415),(2645,86,NULL,3,717,324,770,367),(2646,86,NULL,1,431,304,467,338),(2647,86,NULL,3,619,332,685,370),(2648,86,NULL,8,782,356,860,405),(2649,86,NULL,3,383,329,431,366),(2650,86,NULL,1,69,294,114,333),(2651,86,NULL,3,528,275,567,307),(2652,86,NULL,3,565,283,605,315),(2653,86,NULL,3,602,312,647,354),(2654,86,NULL,3,242,291,297,341),(2655,86,NULL,8,0,401,101,461),(2656,86,NULL,3,115,295,154,330),(2657,86,NULL,3,164,298,206,333),(2658,86,NULL,3,121,319,174,361),(2659,86,NULL,1,0,313,38,358),(2660,86,NULL,3,322,315,383,358),(2661,86,NULL,3,771,323,813,365),(2662,86,NULL,3,900,329,955,367),(2663,86,NULL,1,386,298,430,337),(2664,86,NULL,3,785,356,864,407),(2665,87,NULL,3,400,351,472,413),(2666,87,NULL,3,467,360,528,414),(2667,87,NULL,3,522,364,589,417),(2668,87,NULL,3,896,368,960,422),(2669,87,NULL,3,591,365,682,424),(2670,87,NULL,3,521,323,574,365),(2671,87,NULL,1,458,322,521,366),(2672,87,NULL,3,334,352,401,417),(2673,87,NULL,3,260,359,326,416),(2674,87,NULL,3,620,332,685,372),(2675,87,NULL,3,785,354,859,408),(2676,87,NULL,3,529,276,568,306),(2677,87,NULL,3,566,285,607,317),(2678,87,NULL,3,384,329,431,367),(2679,87,NULL,1,429,305,469,338),(2680,87,NULL,3,240,289,299,343),(2681,87,NULL,3,114,293,156,330),(2682,87,NULL,8,0,404,96,461),(2683,87,NULL,3,602,313,644,355),(2684,87,NULL,3,719,325,767,367),(2685,87,NULL,3,36,313,80,351),(2686,87,NULL,1,0,314,37,358),(2687,87,NULL,3,769,324,810,364),(2688,87,NULL,3,792,306,825,333),(2689,87,NULL,3,567,324,615,367),(2690,87,NULL,3,322,316,383,358),(2691,87,NULL,3,118,322,174,361),(2692,88,NULL,3,401,351,472,413),(2693,88,NULL,3,523,326,574,366),(2694,88,NULL,3,592,365,682,423),(2695,88,NULL,3,522,364,590,417),(2696,88,NULL,3,469,361,530,413),(2697,88,NULL,3,260,357,327,416),(2698,88,NULL,3,619,333,684,372),(2699,88,NULL,3,331,352,401,417),(2700,88,NULL,1,458,326,521,366),(2701,88,NULL,3,239,290,297,342),(2702,88,NULL,3,602,313,642,353),(2703,88,NULL,3,786,359,863,411),(2704,88,NULL,3,382,329,431,367),(2705,88,NULL,3,527,275,568,308),(2706,88,NULL,3,896,363,959,423),(2707,88,NULL,1,568,282,611,318),(2708,88,NULL,3,118,323,173,361),(2709,88,NULL,3,793,307,826,335),(2710,88,NULL,1,630,275,667,307),(2711,88,NULL,8,467,360,530,414),(2712,88,NULL,1,0,314,37,358),(2713,88,NULL,3,156,346,225,411),(2714,88,NULL,1,568,324,614,367),(2715,88,NULL,3,114,294,153,329),(2716,88,NULL,3,428,308,468,338),(2717,88,NULL,3,103,352,177,421),(2718,88,NULL,3,29,350,98,409),(2719,89,NULL,3,401,351,472,413),(2720,89,NULL,3,591,364,679,421),(2721,89,NULL,3,522,364,590,417),(2722,89,NULL,3,470,362,529,412),(2723,89,NULL,1,457,322,521,367),(2724,89,NULL,3,523,326,570,365),(2725,89,NULL,3,252,352,325,421),(2726,89,NULL,3,333,352,400,415),(2727,89,NULL,3,620,334,683,370),(2728,89,NULL,3,383,329,432,368),(2729,89,NULL,3,528,275,568,307),(2730,89,NULL,1,473,286,510,318),(2731,89,NULL,3,601,314,641,351),(2732,89,NULL,3,567,285,599,311),(2733,89,NULL,3,788,357,863,410),(2734,89,NULL,3,769,324,807,365),(2735,89,NULL,3,896,363,959,424),(2736,89,NULL,3,218,288,258,337),(2737,89,NULL,3,0,354,34,402),(2738,89,NULL,3,427,309,467,339),(2739,89,NULL,3,792,307,825,334),(2740,89,NULL,3,568,324,615,367),(2741,89,NULL,1,631,275,666,307),(2742,89,NULL,3,587,293,621,321),(2743,89,NULL,3,385,308,429,341),(2744,89,NULL,3,242,291,286,342),(2745,89,NULL,1,0,315,35,358),(2746,89,NULL,3,720,325,768,367),(2747,89,NULL,3,0,393,34,454),(2748,90,NULL,3,402,351,471,413),(2749,90,NULL,3,590,364,679,421),(2750,90,NULL,3,470,362,529,412),(2751,90,NULL,3,523,364,589,417),(2752,90,NULL,3,522,329,571,365),(2753,90,NULL,3,256,351,329,420),(2754,90,NULL,3,335,352,400,415),(2755,90,NULL,1,456,323,521,368),(2756,90,NULL,3,621,334,683,370),(2757,90,NULL,3,528,276,567,307),(2758,90,NULL,3,383,329,431,367),(2759,90,NULL,3,567,324,614,366),(2760,90,NULL,3,565,282,601,311),(2761,90,NULL,3,717,326,769,369),(2762,90,NULL,3,789,359,862,410),(2763,90,NULL,3,238,297,289,343),(2764,90,NULL,3,903,329,959,371),(2765,90,NULL,3,323,316,383,357),(2766,90,NULL,3,0,350,47,403),(2767,90,NULL,3,771,325,810,365),(2768,90,NULL,3,429,308,467,338),(2769,90,NULL,3,33,348,95,407),(2770,90,NULL,1,632,276,666,307),(2771,90,NULL,3,805,331,853,367),(2772,90,NULL,3,792,307,825,333),(2773,90,NULL,3,604,311,642,354),(2774,90,NULL,3,897,362,959,423),(2775,90,NULL,8,16,397,114,464),(2776,91,NULL,3,402,350,472,413),(2777,91,NULL,3,590,365,682,423),(2778,91,NULL,3,256,351,327,419),(2779,91,NULL,3,470,361,530,412),(2780,91,NULL,3,617,326,685,370),(2781,91,NULL,3,522,364,590,417),(2782,91,NULL,3,332,352,401,415),(2783,91,NULL,1,455,325,522,367),(2784,91,NULL,3,524,323,576,366),(2785,91,NULL,1,599,310,637,353),(2786,91,NULL,3,529,276,568,307),(2787,91,NULL,3,383,329,432,367),(2788,91,NULL,3,427,308,467,339),(2789,91,NULL,3,118,322,172,362),(2790,91,NULL,3,720,326,772,368),(2791,91,NULL,3,325,317,382,356),(2792,91,NULL,3,788,359,863,412),(2793,91,NULL,3,566,284,606,316),(2794,91,NULL,3,161,301,201,334),(2795,91,NULL,3,32,350,97,408),(2796,91,NULL,1,375,273,423,306),(2797,91,NULL,1,570,324,614,368),(2798,91,NULL,3,897,363,959,423),(2799,91,NULL,3,793,307,826,334),(2800,91,NULL,3,99,352,179,418),(2801,92,NULL,3,402,350,473,413),(2802,92,NULL,3,470,358,529,413),(2803,92,NULL,3,589,364,684,424),(2804,92,NULL,3,255,351,327,419),(2805,92,NULL,3,617,324,687,368),(2806,92,NULL,3,521,365,589,417),(2807,92,NULL,3,524,320,574,366),(2808,92,NULL,3,332,355,403,417),(2809,92,NULL,1,457,327,523,367),(2810,92,NULL,3,718,325,771,370),(2811,92,NULL,3,529,276,568,307),(2812,92,NULL,1,600,310,637,352),(2813,92,NULL,3,383,329,432,367),(2814,92,NULL,3,896,363,959,424),(2815,92,NULL,3,118,322,171,361),(2816,92,NULL,3,34,351,94,407),(2817,92,NULL,1,646,288,686,320),(2818,92,NULL,3,0,356,47,406),(2819,92,NULL,3,428,308,468,339),(2820,92,NULL,3,566,324,615,368),(2821,92,NULL,3,898,326,954,366),(2822,92,NULL,3,790,360,864,412),(2823,92,NULL,1,831,301,872,335),(2824,92,NULL,3,322,317,383,357),(2825,92,NULL,3,96,353,178,423),(2826,92,NULL,3,792,307,826,333),(2827,92,NULL,1,69,295,113,331),(2828,92,NULL,3,772,326,810,366),(2829,93,NULL,3,402,351,473,413),(2830,93,NULL,3,592,365,686,423),(2831,93,NULL,3,470,360,530,413),(2832,93,NULL,3,256,352,326,420),(2833,93,NULL,3,615,326,685,373),(2834,93,NULL,3,522,365,589,417),(2835,93,NULL,3,893,362,959,424),(2836,93,NULL,1,457,329,523,367),(2837,93,NULL,3,527,326,578,365),(2838,93,NULL,3,718,325,770,370),(2839,93,NULL,3,383,329,432,367),(2840,93,NULL,3,528,275,568,307),(2841,93,NULL,3,325,317,383,357),(2842,93,NULL,1,331,351,401,416),(2843,93,NULL,3,601,313,642,352),(2844,93,NULL,3,71,326,121,361),(2845,93,NULL,3,98,353,176,416),(2846,93,NULL,3,0,360,49,406),(2847,93,NULL,3,793,306,826,332),(2848,93,NULL,1,569,324,613,368),(2849,93,NULL,3,771,325,810,364),(2850,93,NULL,1,0,314,37,359),(2851,93,NULL,3,428,308,468,339),(2852,93,NULL,1,646,288,685,320),(2853,93,NULL,1,376,275,420,308),(2854,93,NULL,2,568,325,613,367),(2855,93,NULL,3,566,284,606,316),(2856,93,NULL,3,792,361,863,411),(2857,94,NULL,3,402,351,473,413),(2858,94,NULL,3,893,363,959,424),(2859,94,NULL,3,470,359,529,413),(2860,94,NULL,3,523,364,589,417),(2861,94,NULL,3,591,365,686,423),(2862,94,NULL,1,560,320,612,367),(2863,94,NULL,3,616,326,686,370),(2864,94,NULL,1,458,328,520,366),(2865,94,NULL,3,255,351,321,417),(2866,94,NULL,3,718,325,768,367),(2867,94,NULL,3,96,351,176,419),(2868,94,NULL,3,528,275,568,307),(2869,94,NULL,3,384,329,432,367),(2870,94,NULL,3,333,353,401,416),(2871,94,NULL,3,72,326,120,361),(2872,94,NULL,8,851,341,899,372),(2873,94,NULL,3,791,302,825,331),(2874,94,NULL,3,794,361,870,417),(2875,94,NULL,3,0,360,49,407),(2876,94,NULL,3,806,332,851,366),(2877,94,NULL,3,771,325,809,364),(2878,94,NULL,3,426,308,467,338),(2879,94,NULL,3,784,360,864,408),(2880,94,NULL,3,569,283,612,316),(2881,94,NULL,5,245,283,287,340),(2882,94,NULL,1,0,314,39,360),(2883,94,NULL,8,9,396,109,462),(2884,94,NULL,3,323,315,383,356),(2885,95,NULL,3,402,353,471,414),(2886,95,NULL,3,470,359,530,412),(2887,95,NULL,3,614,322,685,371),(2888,95,NULL,1,457,328,523,367),(2889,95,NULL,3,891,361,959,424),(2890,95,NULL,3,593,365,685,423),(2891,95,NULL,3,523,365,589,418),(2892,95,NULL,3,256,354,321,418),(2893,95,NULL,3,534,324,583,366),(2894,95,NULL,3,331,353,401,417),(2895,95,NULL,3,765,324,805,365),(2896,95,NULL,3,527,275,568,307),(2897,95,NULL,3,789,361,863,411),(2898,95,NULL,3,384,329,431,367),(2899,95,NULL,3,719,325,766,367),(2900,95,NULL,3,0,360,48,406),(2901,95,NULL,3,564,283,608,315),(2902,96,NULL,3,401,351,472,413),(2903,96,NULL,3,468,359,531,413),(2904,96,NULL,3,896,361,960,422),(2905,96,NULL,3,256,352,327,418),(2906,96,NULL,3,333,353,401,415),(2907,96,NULL,3,532,326,583,366),(2908,96,NULL,3,523,364,590,417),(2909,96,NULL,3,594,364,688,424),(2910,96,NULL,1,457,325,523,367),(2911,96,NULL,3,621,331,684,370),(2912,96,NULL,3,788,358,863,411),(2913,96,NULL,3,719,326,773,372),(2914,96,NULL,3,768,325,806,365),(2915,96,NULL,3,164,298,206,333),(2916,96,NULL,3,425,309,467,339),(2917,96,NULL,3,528,275,569,307),(2918,96,NULL,3,0,360,48,403),(2919,96,NULL,3,382,330,429,366),(2920,96,NULL,3,35,348,95,404),(2921,96,NULL,3,236,299,290,344),(2922,96,NULL,1,474,280,510,308),(2923,96,NULL,3,802,333,851,367),(2924,96,NULL,1,376,273,422,307),(2925,96,NULL,3,567,284,608,318),(2926,96,NULL,3,119,322,170,361),(2927,96,NULL,1,0,315,37,358),(2928,96,NULL,3,73,327,119,360),(2929,97,NULL,3,401,351,473,413),(2930,97,NULL,3,469,359,530,412),(2931,97,NULL,3,896,361,960,422),(2932,97,NULL,3,620,322,686,371),(2933,97,NULL,3,258,358,325,417),(2934,97,NULL,3,533,325,583,365),(2935,97,NULL,1,458,323,523,367),(2936,97,NULL,3,523,365,591,418),(2937,97,NULL,3,595,365,691,424),(2938,97,NULL,1,572,321,616,366),(2939,97,NULL,3,719,325,772,371),(2940,97,NULL,3,786,358,863,411),(2941,97,NULL,3,565,284,609,318),(2942,97,NULL,3,230,299,291,344),(2943,97,NULL,1,332,351,400,414),(2944,97,NULL,3,768,325,805,365),(2945,97,NULL,3,425,309,467,338),(2946,97,NULL,3,332,351,401,417),(2947,97,NULL,3,528,275,568,307),(2948,97,NULL,1,376,273,421,307),(2949,97,NULL,3,163,299,205,334),(2950,97,NULL,3,802,332,851,366),(2951,97,NULL,3,457,324,523,368),(2952,97,NULL,1,0,315,38,360),(2953,98,NULL,3,401,352,473,414),(2954,98,NULL,3,469,359,531,413),(2955,98,NULL,3,893,362,960,424),(2956,98,NULL,1,457,321,522,366),(2957,98,NULL,3,595,366,691,424),(2958,98,NULL,3,616,322,687,371),(2959,98,NULL,3,533,326,583,365),(2960,98,NULL,3,259,358,326,417),(2961,98,NULL,3,524,364,591,418),(2962,98,NULL,3,717,324,770,372),(2963,98,NULL,1,334,351,400,414),(2964,98,NULL,3,119,346,180,416),(2965,98,NULL,3,792,360,868,418),(2966,98,NULL,3,602,312,640,352),(2967,98,NULL,3,527,275,568,307),(2968,98,NULL,3,769,326,806,365),(2969,98,NULL,3,163,300,205,334),(2970,98,NULL,1,236,299,288,346),(2971,98,NULL,3,0,361,48,405),(2972,99,NULL,3,401,352,474,414),(2973,99,NULL,3,470,359,530,413),(2974,99,NULL,3,595,366,691,425),(2975,99,NULL,3,257,358,323,417),(2976,99,NULL,3,893,363,959,424),(2977,99,NULL,3,618,322,687,372),(2978,99,NULL,1,458,320,523,367),(2979,99,NULL,3,521,364,591,418),(2980,99,NULL,3,533,325,584,366),(2981,99,NULL,3,228,298,289,347),(2982,99,NULL,3,116,347,186,415),(2983,99,NULL,3,793,362,869,417),(2984,99,NULL,3,719,324,768,367),(2985,99,NULL,3,163,298,203,333),(2986,99,NULL,1,15,392,105,459),(2987,99,NULL,3,527,274,569,308),(2988,99,NULL,1,335,352,400,415),(2989,99,NULL,3,0,362,46,406),(2990,99,NULL,3,768,325,806,365),(2991,99,NULL,3,802,332,853,367),(2992,99,NULL,8,83,439,197,498),(2993,100,NULL,3,401,353,472,413),(2994,100,NULL,3,471,360,530,413),(2995,100,NULL,3,618,322,686,370),(2996,100,NULL,3,263,358,322,415),(2997,100,NULL,3,523,364,591,417),(2998,100,NULL,3,892,363,960,425),(2999,100,NULL,3,594,366,684,423),(3000,100,NULL,1,456,321,522,368),(3001,100,NULL,3,528,325,582,365),(3002,100,NULL,3,336,352,399,415),(3003,100,NULL,3,227,302,288,347),(3004,100,NULL,1,375,273,419,308),(3005,100,NULL,3,566,284,610,318),(3006,100,NULL,3,604,311,641,352),(3007,100,NULL,3,528,275,568,307),(3008,100,NULL,3,426,308,467,338),(3009,100,NULL,3,163,300,206,334),(3010,100,NULL,1,15,393,107,463),(3011,100,NULL,3,802,331,853,367),(3012,100,NULL,3,794,361,869,417),(3013,100,NULL,1,473,280,509,307),(3014,100,NULL,1,73,300,114,334),(3015,100,NULL,3,0,362,46,407),(3016,100,NULL,3,115,348,183,412),(3017,100,NULL,3,382,331,429,366),(3018,100,NULL,3,767,326,807,367),(3019,100,NULL,1,0,316,37,360),(3020,100,NULL,8,86,438,196,499),(3021,100,NULL,3,311,354,352,394),(3022,100,NULL,3,842,304,882,336),(3023,101,NULL,3,402,352,473,414),(3024,101,NULL,3,470,358,530,413),(3025,101,NULL,3,616,321,686,371),(3026,101,NULL,3,594,366,691,424),(3027,101,NULL,3,522,364,590,417),(3028,101,NULL,1,334,352,399,414),(3029,101,NULL,1,457,323,522,367),(3030,101,NULL,3,892,363,960,425),(3031,101,NULL,3,257,358,323,415),(3032,101,NULL,8,81,438,196,499),(3033,101,NULL,3,534,328,584,366),(3034,101,NULL,3,326,314,384,357),(3035,101,NULL,1,374,272,420,307),(3036,101,NULL,3,227,300,290,347),(3037,101,NULL,3,425,309,467,339),(3038,101,NULL,3,793,361,870,418),(3039,101,NULL,3,0,361,46,406),(3040,101,NULL,3,803,331,851,367),(3041,101,NULL,3,0,310,39,358),(3042,101,NULL,3,382,331,430,366),(3043,101,NULL,1,72,299,114,334),(3044,101,NULL,3,117,320,170,361),(3045,101,NULL,3,604,311,641,352),(3046,101,NULL,3,721,327,774,367),(3047,102,NULL,3,403,352,473,414),(3048,102,NULL,3,470,358,530,413),(3049,102,NULL,3,618,323,686,371),(3050,102,NULL,1,457,322,522,367),(3051,102,NULL,3,892,363,960,424),(3052,102,NULL,3,522,364,591,418),(3053,102,NULL,3,263,354,322,415),(3054,102,NULL,3,594,366,691,424),(3055,102,NULL,1,334,352,402,416),(3056,102,NULL,3,534,327,583,367),(3057,102,NULL,3,322,310,384,354),(3058,102,NULL,3,383,330,431,366),(3059,102,NULL,8,89,438,205,500),(3060,102,NULL,3,0,358,47,407),(3061,102,NULL,1,73,300,113,333),(3062,102,NULL,3,226,302,289,348),(3063,102,NULL,3,0,312,39,359),(3064,102,NULL,3,165,299,205,335),(3065,102,NULL,3,566,284,610,319),(3066,102,NULL,3,527,275,568,307),(3067,103,NULL,3,401,351,473,414),(3068,103,NULL,5,129,339,226,485),(3069,103,NULL,3,470,357,529,413),(3070,103,NULL,3,261,358,324,417),(3071,103,NULL,3,891,363,960,424),(3072,103,NULL,1,334,351,401,414),(3073,103,NULL,3,522,364,591,418),(3074,103,NULL,3,594,365,690,424),(3075,103,NULL,3,534,327,584,367),(3076,103,NULL,1,457,322,523,368),(3077,103,NULL,3,620,334,686,372),(3078,103,NULL,3,0,360,43,408),(3079,103,NULL,3,792,361,871,418),(3080,103,NULL,3,782,359,864,410),(3081,103,NULL,3,564,285,602,316),(3082,103,NULL,1,73,301,114,332),(3083,103,NULL,3,849,331,897,372),(3084,103,NULL,3,719,326,766,371),(3085,103,NULL,3,383,330,431,367),(3086,103,NULL,8,73,326,128,361),(3087,103,NULL,3,840,301,879,334),(3088,103,NULL,3,527,275,568,307),(3089,103,NULL,3,803,331,854,367),(3090,103,NULL,8,10,403,107,462),(3091,104,NULL,3,402,351,473,414),(3092,104,NULL,3,469,357,530,413),(3093,104,NULL,3,261,359,324,417),(3094,104,NULL,3,893,365,960,425),(3095,104,NULL,3,523,364,591,418),(3096,104,NULL,3,594,366,691,425),(3097,104,NULL,3,534,327,583,367),(3098,104,NULL,1,456,322,521,367),(3099,104,NULL,1,334,352,401,414),(3100,104,NULL,3,621,335,687,370),(3101,104,NULL,3,840,302,882,334),(3102,104,NULL,3,793,361,869,418),(3103,104,NULL,5,135,336,223,458),(3104,104,NULL,3,528,275,568,307),(3105,104,NULL,3,28,385,112,457),(3106,104,NULL,1,74,302,110,332),(3107,104,NULL,8,89,440,198,500),(3108,104,NULL,3,783,359,863,410),(3109,104,NULL,3,228,302,288,347),(3110,104,NULL,1,0,313,36,358),(3111,104,NULL,3,564,285,602,314),(3112,104,NULL,8,380,330,429,367),(3113,104,NULL,3,0,364,32,406),(3114,104,NULL,3,718,325,767,367),(3115,105,NULL,3,402,351,473,414),(3116,105,NULL,3,470,357,531,413),(3117,105,NULL,3,259,360,325,418),(3118,105,NULL,3,893,364,959,425),(3119,105,NULL,3,594,366,690,424),(3120,105,NULL,3,523,364,591,418),(3121,105,NULL,8,325,324,389,358),(3122,105,NULL,1,335,351,401,414),(3123,105,NULL,1,456,322,521,369),(3124,105,NULL,3,532,326,584,367),(3125,105,NULL,3,33,384,114,457),(3126,105,NULL,3,618,335,687,370),(3127,105,NULL,3,792,362,868,419),(3128,105,NULL,3,563,285,610,319),(3129,105,NULL,3,841,302,883,335),(3130,105,NULL,1,426,307,466,338),(3131,105,NULL,3,717,325,767,369),(3132,105,NULL,8,94,436,206,501),(3133,105,NULL,3,782,359,863,411),(3134,105,NULL,3,528,275,568,307),(3135,105,NULL,3,117,321,172,362),(3136,105,NULL,3,30,344,97,401),(3137,105,NULL,3,0,382,35,453),(3138,106,NULL,3,401,355,471,413),(3139,106,NULL,3,470,358,530,412),(3140,106,NULL,5,131,333,227,491),(3141,106,NULL,3,522,364,591,418),(3142,106,NULL,1,456,322,521,367),(3143,106,NULL,3,521,330,569,365),(3144,106,NULL,1,335,352,400,414),(3145,106,NULL,3,256,358,325,419),(3146,106,NULL,3,595,366,690,424),(3147,106,NULL,3,620,335,683,369),(3148,106,NULL,3,892,364,959,424),(3149,106,NULL,3,35,385,114,457),(3150,106,NULL,3,717,324,766,369),(3151,106,NULL,3,563,286,609,319),(3152,106,NULL,3,842,303,883,335),(3153,106,NULL,1,623,271,665,311),(3154,106,NULL,1,571,323,618,368),(3155,106,NULL,3,527,276,566,306),(3156,106,NULL,8,513,307,558,335),(3157,106,NULL,3,74,326,120,361),(3158,106,NULL,3,788,358,864,412),(3159,106,NULL,1,604,311,641,351),(3160,106,NULL,1,160,295,199,333),(3161,106,NULL,3,0,388,36,453),(3162,107,NULL,3,402,354,473,414),(3163,107,NULL,3,471,357,530,413),(3164,107,NULL,1,333,351,401,414),(3165,107,NULL,3,522,364,591,418),(3166,107,NULL,3,594,364,683,423),(3167,107,NULL,3,892,364,960,425),(3168,107,NULL,1,458,324,520,366),(3169,107,NULL,3,256,356,323,415),(3170,107,NULL,3,517,332,564,366),(3171,107,NULL,3,618,333,685,371),(3172,107,NULL,3,33,386,116,457),(3173,107,NULL,1,164,337,226,403),(3174,107,NULL,3,113,298,153,331),(3175,107,NULL,8,769,331,812,365),(3176,107,NULL,3,227,300,294,348),(3177,107,NULL,1,567,324,614,368),(3178,107,NULL,3,718,324,766,367),(3179,107,NULL,3,528,275,568,307),(3180,107,NULL,1,623,271,666,312),(3181,107,NULL,5,167,333,229,445),(3182,107,NULL,8,758,310,798,336),(3183,107,NULL,1,157,296,197,333),(3184,107,NULL,1,427,307,470,339),(3185,107,NULL,1,603,311,643,352),(3186,107,NULL,1,74,301,110,332),(3187,107,NULL,3,844,303,882,333),(3188,107,NULL,3,563,283,609,318),(3189,107,NULL,3,795,358,866,409),(3190,108,NULL,3,401,354,473,413),(3191,108,NULL,3,471,359,532,413),(3192,108,NULL,3,891,364,959,423),(3193,108,NULL,3,614,321,685,370),(3194,108,NULL,3,594,364,685,423),(3195,108,NULL,1,458,324,521,366),(3196,108,NULL,3,532,325,582,365),(3197,108,NULL,3,521,363,591,417),(3198,108,NULL,1,337,351,401,414),(3199,108,NULL,1,571,323,613,367),(3200,108,NULL,5,158,332,231,453),(3201,108,NULL,8,769,332,812,363),(3202,108,NULL,3,719,325,767,366),(3203,108,NULL,1,623,272,666,312),(3204,108,NULL,8,381,330,429,366),(3205,108,NULL,1,165,338,226,408),(3206,108,NULL,3,603,310,641,353),(3207,108,NULL,3,757,306,797,336),(3208,108,NULL,3,856,332,907,370),(3209,108,NULL,3,528,275,567,307),(3210,108,NULL,3,807,329,853,365),(3211,108,NULL,3,799,306,848,335),(3212,108,NULL,3,259,348,327,415),(3213,108,NULL,3,116,297,151,330),(3214,108,NULL,8,327,326,385,358),(3215,108,NULL,3,790,357,868,410),(3216,108,NULL,3,907,293,959,349),(3217,109,NULL,3,401,355,472,413),(3218,109,NULL,3,471,359,531,412),(3219,109,NULL,1,334,352,400,414),(3220,109,NULL,3,595,365,690,424),(3221,109,NULL,1,457,323,521,366),(3222,109,NULL,3,530,325,583,365),(3223,109,NULL,3,616,324,686,371),(3224,109,NULL,3,521,363,591,417),(3225,109,NULL,8,770,331,814,363),(3226,109,NULL,3,258,351,327,416),(3227,109,NULL,3,893,364,960,425),(3228,109,NULL,1,166,339,230,410),(3229,109,NULL,8,381,330,429,366),(3230,109,NULL,8,716,324,769,368),(3231,109,NULL,1,570,323,615,367),(3232,109,NULL,3,527,275,568,307),(3233,109,NULL,8,515,307,557,335),(3234,109,NULL,3,113,297,152,332),(3235,109,NULL,8,759,309,798,336),(3236,109,NULL,3,799,356,863,407),(3237,109,NULL,3,842,301,888,335),(3238,109,NULL,3,800,305,848,335),(3239,109,NULL,1,71,301,113,334),(3240,109,NULL,3,623,273,674,314),(3241,109,NULL,3,604,310,644,353),(3242,110,NULL,3,401,349,474,413),(3243,110,NULL,3,472,359,532,412),(3244,110,NULL,3,891,364,960,424),(3245,110,NULL,3,594,365,690,425),(3246,110,NULL,1,333,351,401,414),(3247,110,NULL,3,531,325,583,365),(3248,110,NULL,3,617,326,686,371),(3249,110,NULL,3,260,352,325,416),(3250,110,NULL,1,458,323,521,366),(3251,110,NULL,3,521,364,591,418),(3252,110,NULL,3,779,343,844,405),(3253,110,NULL,1,164,337,228,406),(3254,110,NULL,3,603,310,645,356),(3255,110,NULL,3,872,300,920,349),(3256,110,NULL,8,381,330,430,367),(3257,110,NULL,3,528,275,568,306),(3258,110,NULL,3,564,283,605,314),(3259,110,NULL,8,759,308,799,336),(3260,110,NULL,3,113,297,152,331),(3261,110,NULL,3,155,297,201,334),(3262,110,NULL,1,71,301,113,333),(3263,110,NULL,8,769,331,814,364),(3264,111,NULL,3,403,351,472,411),(3265,111,NULL,3,523,364,590,417),(3266,111,NULL,3,260,359,325,417),(3267,111,NULL,1,333,351,401,416),(3268,111,NULL,3,893,364,960,424),(3269,111,NULL,3,595,365,690,424),(3270,111,NULL,3,618,326,685,370),(3271,111,NULL,3,519,329,564,365),(3272,111,NULL,3,780,346,847,403),(3273,111,NULL,3,464,350,528,411),(3274,111,NULL,1,462,322,523,366),(3275,111,NULL,1,167,338,230,410),(3276,111,NULL,8,769,332,816,365),(3277,111,NULL,1,567,324,613,368),(3278,111,NULL,3,566,284,605,316),(3279,111,NULL,3,527,277,566,307),(3280,111,NULL,3,382,331,430,366),(3281,111,NULL,8,0,470,59,541),(3282,111,NULL,8,759,310,799,336),(3283,111,NULL,1,72,301,112,333),(3284,111,NULL,3,603,312,643,353),(3285,111,NULL,3,0,383,37,453),(3286,111,NULL,3,843,304,883,335),(3287,111,NULL,3,234,301,290,346),(3288,111,NULL,8,713,324,768,369),(3289,111,NULL,8,827,458,942,540),(3290,111,NULL,3,323,316,383,356),(3291,111,NULL,3,69,325,125,362),(3292,111,NULL,2,41,381,115,460),(3293,111,NULL,8,853,337,905,372),(3294,112,NULL,3,403,353,473,412),(3295,112,NULL,3,472,360,532,412),(3296,112,NULL,3,261,360,325,417),(3297,112,NULL,3,525,364,590,416),(3298,112,NULL,3,594,364,685,423),(3299,112,NULL,3,615,325,685,371),(3300,112,NULL,3,520,332,564,365),(3301,112,NULL,3,779,348,848,406),(3302,112,NULL,1,456,323,521,367),(3303,112,NULL,1,569,323,616,368),(3304,112,NULL,3,893,363,960,424),(3305,112,NULL,8,40,383,119,450),(3306,112,NULL,1,334,352,401,416),(3307,112,NULL,3,382,331,430,366),(3308,112,NULL,3,233,301,293,348),(3309,112,NULL,8,0,475,58,541),(3310,112,NULL,3,161,298,203,332),(3311,112,NULL,3,0,393,36,453),(3312,112,NULL,1,21,353,84,404),(3313,112,NULL,1,72,302,111,333),(3314,112,NULL,3,604,313,642,353),(3315,112,NULL,3,841,302,881,336),(3316,112,NULL,3,566,284,603,315),(3317,112,NULL,3,112,299,149,330),(3318,112,NULL,3,72,326,120,360),(3319,112,NULL,1,530,278,567,307),(3320,112,NULL,3,202,282,235,312),(3321,112,NULL,3,509,306,552,335),(3322,112,NULL,3,384,304,429,339),(3323,113,NULL,3,402,352,474,412),(3324,113,NULL,3,336,351,401,414),(3325,113,NULL,3,261,361,325,416),(3326,113,NULL,3,523,364,591,417),(3327,113,NULL,3,616,326,685,371),(3328,113,NULL,3,594,365,690,423),(3329,113,NULL,3,893,364,960,424),(3330,113,NULL,3,780,348,847,404),(3331,113,NULL,3,519,332,564,365),(3332,113,NULL,8,472,363,535,413),(3333,113,NULL,4,31,382,111,459),(3334,113,NULL,1,456,323,521,367),(3335,113,NULL,3,0,398,34,454),(3336,113,NULL,3,473,363,534,413),(3337,113,NULL,1,568,323,615,368),(3338,113,NULL,3,459,324,521,366),(3339,113,NULL,3,716,324,766,368),(3340,113,NULL,3,565,284,604,314),(3341,113,NULL,3,162,298,204,333),(3342,113,NULL,3,233,302,294,349),(3343,113,NULL,3,529,276,568,307),(3344,113,NULL,1,73,301,110,332),(3345,113,NULL,3,73,325,123,361),(3346,113,NULL,2,113,349,174,418),(3347,113,NULL,8,0,484,62,541),(3348,113,NULL,3,603,313,643,352),(3349,113,NULL,3,382,330,430,365),(3350,113,NULL,3,767,326,810,363),(3351,113,NULL,3,322,316,381,358),(3352,113,NULL,3,844,303,881,335),(3353,113,NULL,3,34,382,111,458),(3354,113,NULL,3,734,290,773,319),(3355,113,NULL,2,157,341,222,403),(3356,114,NULL,3,401,353,473,412),(3357,114,NULL,3,470,361,532,412),(3358,114,NULL,3,260,361,325,417),(3359,114,NULL,3,525,364,590,416),(3360,114,NULL,3,616,327,688,373),(3361,114,NULL,3,594,367,690,424),(3362,114,NULL,3,893,364,960,425),(3363,114,NULL,3,520,332,565,365),(3364,114,NULL,1,456,323,521,367),(3365,114,NULL,3,779,346,847,404),(3366,114,NULL,3,332,354,400,415),(3367,114,NULL,5,336,242,392,324),(3368,114,NULL,3,716,325,767,369),(3369,114,NULL,1,568,323,615,368),(3370,114,NULL,3,565,283,604,314),(3371,114,NULL,3,459,324,521,366),(3372,114,NULL,3,231,301,296,349),(3373,114,NULL,1,474,292,507,320),(3374,114,NULL,1,445,291,474,317),(3375,114,NULL,4,38,377,114,460),(3376,114,NULL,3,160,298,205,332),(3377,114,NULL,3,24,346,88,403),(3378,114,NULL,3,120,320,171,363),(3379,114,NULL,3,382,330,431,365),(3380,114,NULL,3,111,298,150,330),(3381,114,NULL,3,529,276,567,307),(3382,114,NULL,1,0,312,38,359),(3383,114,NULL,3,841,302,881,335),(3384,114,NULL,3,801,305,847,335),(3385,114,NULL,1,73,301,110,331),(3386,114,NULL,8,855,338,910,373),(3387,114,NULL,3,0,388,36,453),(3388,114,NULL,3,427,311,468,339),(3389,114,NULL,3,734,290,774,320),(3390,114,NULL,3,604,313,643,352),(3391,115,NULL,3,402,352,473,412),(3392,115,NULL,3,527,362,589,414),(3393,115,NULL,3,618,325,686,371),(3394,115,NULL,3,261,360,325,418),(3395,115,NULL,3,894,363,960,424),(3396,115,NULL,3,595,365,690,423),(3397,115,NULL,3,470,362,532,412),(3398,115,NULL,3,334,353,399,415),(3399,115,NULL,3,457,323,523,366),(3400,115,NULL,3,528,322,580,365),(3401,115,NULL,1,456,322,522,368),(3402,115,NULL,3,119,322,168,360),(3403,115,NULL,3,26,348,89,405),(3404,115,NULL,3,161,298,204,332),(3405,115,NULL,3,564,284,604,315),(3406,115,NULL,3,777,344,842,403),(3407,115,NULL,3,803,305,846,335),(3408,115,NULL,3,112,300,151,331),(3409,115,NULL,1,73,301,110,332),(3410,115,NULL,3,20,389,116,457),(3411,115,NULL,8,110,438,211,501),(3412,115,NULL,3,114,350,177,416),(3413,115,NULL,1,442,289,477,320),(3414,115,NULL,3,843,303,883,335),(3415,115,NULL,8,509,307,552,337),(3416,115,NULL,1,572,323,614,365),(3417,115,NULL,3,768,326,812,364),(3418,115,NULL,3,380,330,429,365),(3419,115,NULL,3,717,325,766,367),(3420,115,NULL,3,230,302,294,349),(3421,115,NULL,8,0,480,59,541),(3422,115,NULL,8,741,395,827,460),(3423,115,NULL,3,0,381,30,453),(3424,115,NULL,3,735,291,772,318),(3425,115,NULL,3,70,324,126,363),(3426,116,NULL,3,401,352,473,412),(3427,116,NULL,3,260,360,324,418),(3428,116,NULL,3,595,366,691,423),(3429,116,NULL,3,530,363,591,414),(3430,116,NULL,3,331,351,402,417),(3431,116,NULL,3,469,363,533,413),(3432,116,NULL,3,615,321,680,369),(3433,116,NULL,3,894,365,960,423),(3434,116,NULL,3,534,324,581,364),(3435,116,NULL,3,23,349,88,409),(3436,116,NULL,3,527,276,567,307),(3437,116,NULL,8,854,338,909,373),(3438,116,NULL,1,455,322,523,368),(3439,116,NULL,3,157,299,200,333),(3440,116,NULL,3,322,313,385,356),(3441,116,NULL,3,565,283,603,315),(3442,116,NULL,8,828,458,942,540),(3443,116,NULL,3,802,305,845,334),(3444,116,NULL,1,0,311,37,358),(3445,116,NULL,3,111,300,152,331),(3446,116,NULL,3,777,342,840,404),(3447,116,NULL,3,456,323,524,367),(3448,116,NULL,3,121,321,172,363),(3449,116,NULL,8,1,409,115,464),(3450,116,NULL,1,74,301,109,331),(3451,116,NULL,8,0,485,60,542),(3452,116,NULL,3,842,302,879,334),(3453,116,NULL,8,706,380,756,418),(3454,116,NULL,3,73,326,124,362),(3455,116,NULL,3,604,313,639,351),(3456,116,NULL,3,201,281,236,312),(3457,116,NULL,3,381,330,430,365),(3458,116,NULL,3,231,301,287,347),(3459,116,NULL,3,268,300,314,344),(3460,116,NULL,8,509,308,554,338),(3461,116,NULL,3,110,350,186,424);
/*!40000 ALTER TABLE `haut_coordinates` ENABLE KEYS */;
UNLOCK TABLES;

--
-- Table structure for table `haut_courses`
--

DROP TABLE IF EXISTS `haut_courses`;
/*!40101 SET @saved_cs_client     = @@character_set_client */;
/*!50503 SET character_set_client = utf8mb4 */;
CREATE TABLE `haut_courses` (
  `CourseID` int NOT NULL AUTO_INCREMENT,
  `CourseName` varchar(50) DEFAULT NULL,
  `TeaacherID` int DEFAULT NULL,
  PRIMARY KEY (`CourseID`),
  KEY `TeaacherID` (`TeaacherID`),
  CONSTRAINT `haut_courses_ibfk_1` FOREIGN KEY (`TeaacherID`) REFERENCES `haut_teacher` (`TeacherID`)
) ENGINE=InnoDB DEFAULT CHARSET=utf8mb3;
/*!40101 SET character_set_client = @saved_cs_client */;

--
-- Dumping data for table `haut_courses`
--

LOCK TABLES `haut_courses` WRITE;
/*!40000 ALTER TABLE `haut_courses` DISABLE KEYS */;
/*!40000 ALTER TABLE `haut_courses` ENABLE KEYS */;
UNLOCK TABLES;

--
-- Table structure for table `haut_student`
--

DROP TABLE IF EXISTS `haut_student`;
/*!40101 SET @saved_cs_client     = @@character_set_client */;
/*!50503 SET character_set_client = utf8mb4 */;
CREATE TABLE `haut_student` (
  `student_id` int NOT NULL AUTO_INCREMENT,
  `class` varchar(20) DEFAULT NULL,
  `grade` int DEFAULT NULL,
  `name` varchar(30) DEFAULT NULL,
  `photo_url` varchar(100) DEFAULT NULL,
  PRIMARY KEY (`student_id`)
) ENGINE=InnoDB DEFAULT CHARSET=utf8mb3;
/*!40101 SET character_set_client = @saved_cs_client */;

--
-- Dumping data for table `haut_student`
--

LOCK TABLES `haut_student` WRITE;
/*!40000 ALTER TABLE `haut_student` DISABLE KEYS */;
/*!40000 ALTER TABLE `haut_student` ENABLE KEYS */;
UNLOCK TABLES;

--
-- Table structure for table `haut_student_courses`
--

DROP TABLE IF EXISTS `haut_student_courses`;
/*!40101 SET @saved_cs_client     = @@character_set_client */;
/*!50503 SET character_set_client = utf8mb4 */;
CREATE TABLE `haut_student_courses` (
  `StudentID` int NOT NULL,
  `CourseID` int NOT NULL,
  `EnrollmentDate` date DEFAULT NULL,
  PRIMARY KEY (`StudentID`,`CourseID`),
  KEY `CourseID` (`CourseID`),
  CONSTRAINT `haut_student_courses_ibfk_1` FOREIGN KEY (`StudentID`) REFERENCES `haut_student` (`student_id`),
  CONSTRAINT `haut_student_courses_ibfk_2` FOREIGN KEY (`CourseID`) REFERENCES `haut_courses` (`CourseID`)
) ENGINE=InnoDB DEFAULT CHARSET=utf8mb3;
/*!40101 SET character_set_client = @saved_cs_client */;

--
-- Dumping data for table `haut_student_courses`
--

LOCK TABLES `haut_student_courses` WRITE;
/*!40000 ALTER TABLE `haut_student_courses` DISABLE KEYS */;
/*!40000 ALTER TABLE `haut_student_courses` ENABLE KEYS */;
UNLOCK TABLES;

--
-- Table structure for table `haut_teacher`
--

DROP TABLE IF EXISTS `haut_teacher`;
/*!40101 SET @saved_cs_client     = @@character_set_client */;
/*!50503 SET character_set_client = utf8mb4 */;
CREATE TABLE `haut_teacher` (
  `TeacherID` int NOT NULL AUTO_INCREMENT,
  `FirstName` varchar(30) DEFAULT NULL,
  `LastName` varchar(30) DEFAULT NULL,
  `Gender` enum('男','女','未知') DEFAULT NULL,
  `Email` varchar(50) DEFAULT NULL,
  `PhoneNumber` varchar(15) DEFAULT NULL,
  PRIMARY KEY (`TeacherID`)
) ENGINE=InnoDB DEFAULT CHARSET=utf8mb3;
/*!40101 SET character_set_client = @saved_cs_client */;

--
-- Dumping data for table `haut_teacher`
--

LOCK TABLES `haut_teacher` WRITE;
/*!40000 ALTER TABLE `haut_teacher` DISABLE KEYS */;
/*!40000 ALTER TABLE `haut_teacher` ENABLE KEYS */;
UNLOCK TABLES;
/*!40103 SET TIME_ZONE=@OLD_TIME_ZONE */;

/*!40101 SET SQL_MODE=@OLD_SQL_MODE */;
/*!40014 SET FOREIGN_KEY_CHECKS=@OLD_FOREIGN_KEY_CHECKS */;
/*!40014 SET UNIQUE_CHECKS=@OLD_UNIQUE_CHECKS */;
/*!40101 SET CHARACTER_SET_CLIENT=@OLD_CHARACTER_SET_CLIENT */;
/*!40101 SET CHARACTER_SET_RESULTS=@OLD_CHARACTER_SET_RESULTS */;
/*!40101 SET COLLATION_CONNECTION=@OLD_COLLATION_CONNECTION */;
/*!40111 SET SQL_NOTES=@OLD_SQL_NOTES */;

-- Dump completed on 2024-03-05 23:33:13
